"rank","lemma","translit","pos","gloss_en","combined_zipf","subs_fpm","forum_fpm","subs_zipf","forum_zipf","doc_dispersion_subs","doc_dispersion_forum","register_skew","is_proper","forms_collapsed"
"1","და","da","conj","and, sister","7.497","22979.33","42873.11","7.361","7.632","0.9412","0.8596","0","0","და,დაა,დააა,დაც,დაააა,დდა,დააააა"
"2","ყოფნა","q'opna","verb","to be, to exist","7.454","36525.48","22134.81","7.563","7.345","0.9412","0.7366","0","0","არის,იყო,ვარ,იქნება,იყოს,არაა,ხარ,არიან"
"3","არ","ar","particle","not, no","7.344","25338.10","19279.83","7.404","7.285","0.9412","0.7177","0","0","არ,აარ,იარ,სრ,არრ"
"4","ეს","es","pron","this","7.298","25226.48","15623.71","7.402","7.194","0.9412","0.6659","0","0","ეს,ამ,ამას,ამის,ამაზე,ესეც,ამით,ესენი"
"5","რომ","rom","conj","that, if","7.237","17469.35","17055.14","7.242","7.232","0.9412","0.6727","0","0","რომ,რო,როა,რომაა,ომ,როო,რონ,რომე"
"6","ის","is","pron","he, she, it, that","7.185","23131.87","10155.21","7.364","7.007","0.9412","0.5145","0","0","ის,იმ,მას,მათ,იმის,იმას,ისინი,მათი"
"7","რა","ra","pron","what","7.120","15683.54","11098.07","7.195","7.045","0.9265","0.6514","0","0","რა,რას,რისი,რის,რაში,რისთვის,რაზე,რითი"
"8","მე","me","pron","I, me","7.116","22886.32","7466.88","7.360","6.873","0.9265","0.5060","0","0","მე,მეც,ჩემთვის,ჩემთან,ჩემზე,ჩემმა,ჩემით,ჩემგან"
"9","მაქვს","makvs","verb","I have","6.944","7249.29","10671.09","6.860","7.028","0.9412","0.6326","0","0","აქვს,მაქვს,აქვთ,გაქვს,მქონდა,გაქვთ,მაქ,გვაქვს"
"10","უნდა","unda","particle","must, should, to have to","6.868","8454.71","6438.59","6.927","6.809","0.9412","0.4991","0","0","უნდა,უდნა,უნდ,არუნდა,უნდაო,უდა,ნდა,უნა"
"11","თუ","tu","conj","if, or","6.863","5247.69","10127.34","6.720","7.005","0.9265","0.6545","0","0","თუ,ტუ,თუა,თი,თუუ"
"12","მაგრამ","magram","conj","but","6.828","6773.07","6698.73","6.831","6.826","0.9118","0.5178","0","0","მაგრამ,მარა,მაგარმ,მაგარამ,მარამ,ამგრამ,მარაა,მაგრმა"
"13","თქმა","tkma","verb","to say, to tell","6.812","9619.21","4383.11","6.983","6.642","0.9412","0.4228","0","0","თქმა,ვთქვათ,თქვა,ვამბობ,მითხრა,ამბობენ,ამბობს,გითხრა"
"14","ვიცი","vitsi","verb","to know","6.783","7669.70","4806.23","6.885","6.682","0.9265","0.5125","0","0","ვიცი,იცით,იცი,იცის,ვიცოდი,ვიცით,იციან,იცოდე"
"15","კარგი","k'argi","adj","good, fine","6.772","7948.73","4410.79","6.900","6.645","0.9265","0.4365","0","0","კარგი,კაი,კარგია,საუკეთესო,უკეთესი,კარგ,კაია,უკეთესია"
"16","არა","ara","particle","no, not","6.769","9682.46","3572.80","6.986","6.553","0.9118","0.4004","0","0","არა,არას,არააააა,არაც,აარა,არაააააა"
"17","ჩემი","chemi","pron","my, mine","6.711","8596.09","3080.38","6.934","6.489","0.9265","0.3579","0","0","ჩემი,ჩემს,ჩემ,ჩემო,ჩემის,ჩემია,ჩემსას,ჩემიც"
"18","შენ","shen","pron","you (singular informal)","6.644","8049.18","2415.44","6.906","6.383","0.9412","0.2880","0","0","შენ,შენც,შენთვის,შენზე,შენთან,შენით,შენგან,შენა"
"19","კი","k'i","particle","yes, indeed","6.630","4213.40","4310.69","6.625","6.635","0.9265","0.4043","0","0","კი,კია,კიი,კიო,კის,კიიი,კიიიი,კეე"
"20","მინდა","minda","verb","I want","6.625","5110.03","3472.15","6.708","6.541","0.9118","0.4317","0","0","მინდა,გინდა,გინდათ,მინდოდა,გვინდა,უნდათ,უნდოდა,გინდოდა"
"21","ერთი","erti","num","one","6.601","4124.11","3854.02","6.615","6.586","0.8971","0.3934","0","0","ერთი,ერთ,ერთმა,ერთს,ერთია,ერთის,ერტი,ერთიც"
"22","აქ","ak","adv","here","6.553","5802.04","2196.18","6.764","6.342","0.9265","0.3315","0","0","აქ,აქაც,აქაა,აქაცაა,აექ,აქაო"
"23","ვერ","ver","particle","cannot, unable to","6.547","2926.13","4249.10","6.466","6.628","0.9118","0.4580","0","0","ვერ,ბერ,ევრ"
"24","ძალიან","dzalian","adv","very, much","6.528","3063.79","3717.26","6.486","6.570","0.8971","0.3937","0","0","ძალიან,ძაან,ძააან,ძან,ძალიანაც,ზალიან,ძაანაც,ზაან"
"25","რაც","rats","pron","what, which, that","6.528","2985.66","3803.42","6.475","6.580","0.8824","0.3781","0","0","რაც,რასაც,რამაც,რაცაა,აც,რეებიც,რაცა,რასთანაც"
"26","ყველა","q'vela","pron","all, every","6.520","3837.64","2851.77","6.584","6.455","0.9118","0.3589","0","0","ყველა,ყველას,ყველამ,ყველანი,ყველასთვის,ყველასათვის,ყველასთან,ყველასგან"
"27","ახლა","akhla","adv","now","6.508","3778.11","2747.82","6.577","6.439","0.9265","0.3598","0","0","ეხლა,ახლა,ახლაც,ეხლაც,ეხა,ეხლაა,ეხაც,ახლაა"
"28","ასე","ase","adv","so, thus, like this","6.505","4689.62","2180.05","6.671","6.338","0.9265","0.3016","0","0","ასე,ესე,ასეა,ასეც,ასედაც,ასეო,ასეაო,ასეე"
"29","შეძლება","shedzleba","verb","to be able, to can","6.480","2855.44","3195.69","6.456","6.505","0.9265","0.3826","0","0","შეიძლება,შეილება,შეიძლებოდა,შეძლო,შეძლებს,შევძლებ,შეძლებ,შეეძლო"
"30","შემიძლია","shemidzlia","verb","I can","6.456","4737.99","1721.73","6.676","6.236","0.8971","0.2700","0","0","შეგიძლია,შეგიძლიათ,შეუძლია,შემიძლია,შეგვიძლია,შეუძლიათ,შემეძლო,შემეძლოს"
"31","ეგ","eg","pron","that (colloquial), that one","6.454","998.94","8111.28","6.000","6.909","0.5147","0.5083","0","0","ეგ,მაგ,მაგის,მაგას,მაგაზე,ეგეც,ეგაა,მაგათ"
"32","თქვენ","tkven","pron","you (plural or formal singular)","6.441","8432.39","904.45","6.926","5.956","0.9118","0.1754","0","0","თქვენ,თქვენც,თქვენთვის,თქვენთან,თქვე,თქვენგან,თქვენზე,თქვენთანაც"
"33","როგორ","rogor","adv","how, as","6.437","3603.25","2077.20","6.557","6.317","0.9118","0.3388","0","0","როგორ,როგორაა,როგორა,როგრო,როგრ,როგო,როგორო,როგორააა"
"34","რომელიც","romelits","pron","which, who, that","6.430","2152.28","3363.99","6.333","6.527","0.8824","0.3237","0","0","რომელიც,რომელსაც,რომლებიც,რომლის,რომელმაც,რომლებსაც,რომელშიც,რომელთაც"
"35","ჩვენ","chven","pron","we, us","6.428","6631.69","1081.00","6.822","6.034","0.9265","0.1629","0","0","ჩვენ,ჩვენთან,ჩვენც,ჩვენთვის,ჩვენზე,ჩვენმა,ჩვენში,ჩვენგან"
"36","წელი","ts'eli","noun","year, waist","6.413","1724.43","3887.94","6.237","6.590","0.8676","0.3436","0","0","წლის,წელს,წელი,წ,წელია,წლების,წლამდე,წლებში"
"37","მოსვლა","mosvla","verb","to come, to arrive","6.412","5433.71","1228.39","6.735","6.089","0.9265","0.2194","0","0","მოდი,მოდის,მოვა,მოვიდა,მოდით,მომივიდა,მოსულა,მოვედი"
"38","როგორც","rogorts","conj","as, like","6.410","2874.04","2295.36","6.458","6.361","0.9118","0.3088","0","0","როგორც,როგორცაა,როგოც,როგრც,როგროც,რავარც,გორც,როოგრც"
"39","ან","an","conj","or","6.405","1527.24","4223.61","6.184","6.626","0.9118","0.4450","0","0","ან,ანი"
"40","დრო","dro","noun","time","6.402","2379.23","2682.00","6.376","6.428","0.9265","0.3217","0","0","დროს,დრო,დროის,დროზე,დროა,დროში,დროსაც,დროთა"
"41","ყველაფერი","q'velaperi","pron","everything, all","6.395","3499.08","1760.60","6.544","6.246","0.9118","0.2715","0","0","ყველაფერი,ყველაფერს,ყველაფრის,ყველაფერზე,ყველაფერში,ყველაფერ,ყველაფრით,ყველაფერია"
"42","რამე","rame","pron","something, anything","6.385","2040.66","2886.60","6.310","6.460","0.8529","0.3991","0","0","რამე,რამ,რამეს,რამეა,რამეზე,რამეში,რამეები,რამით"
"43","გაკეთება","gak'eteba","verb","to do, to make","6.384","3275.85","1785.89","6.515","6.252","0.8971","0.2491","0","0","გაკეთება,გავაკეთე,გავაკეთო,გააკეთა,გააკეთო,გააკეთე,გავიკეთე,გაკეთდეს"
"44","დიდი","didi","adj","big, large, great","6.375","2185.76","2571.27","6.340","6.410","0.9118","0.3248","0","0","დიდი,დიდ,დიდია,უდიდესი,უდიდეს,დიდმა,დიდს,დიდის"
"45","შენი","sheni","pron","your, yours","6.374","4425.47","1263.78","6.646","6.102","0.9118","0.1969","0","0","შენი,შენს,შენია,შენსას,შენიც,შენსა,შენის,შენისა"
"46","მისი","misi","pron","his, her, its","6.373","3707.42","1501.19","6.569","6.176","0.9118","0.1842","0","0","მისი,მის,მისივე,მისისა,მისა,მისნი,მისდა,მისას"
"47","კარგად","k'argad","adv","well, good","6.359","4689.62","1114.91","6.671","6.047","0.8971","0.2056","0","0","კარგად,უკეთ,უკეთესად,კარგადაა,კარგათ,კარგადაც,გად,უკეთესადაც"
"48","ისე","ise","adv","so, thus, like that","6.340","1884.41","2538.46","6.275","6.405","0.8971","0.3414","0","0","ისე,ისეა,ისეო,სიე,ისთე"
"49","კიდევ","k'idev","adv","still, yet, again","6.339","1810.00","2629.94","6.258","6.420","0.9118","0.3463","0","0","კიდევ,კიდე,კიდო,კდიე,კიდეა,კდიევ,დევ,კიდ"
"50","სხვა","skhva","pron","other, different","6.337","1605.37","2942.33","6.206","6.469","0.8824","0.3537","0","0","სხვა,სხვას,სხვები,სხვისი,სხვათა,სხვებს,სხვის,სხვაა"
"51","ნახვა","nakhva","verb","to see, to watch, to view","6.334","2260.17","2055.39","6.354","6.313","0.8971","0.3267","0","0","ვნახე,ნახე,ვნახოთ,ნახეთ,მინახავს,ნახავ,ვნახო,ვნახავ"
"52","რატომ","rat'om","adv","why","6.326","3346.54","1341.87","6.525","6.128","0.9265","0.2341","0","0","რატომ,რატო,რატოა,რატომაა,რატომო,რატოო,რატ,რატომა"
"53","არაფერი","araperi","pron","nothing","6.299","2349.46","1684.88","6.371","6.227","0.8971","0.2724","0","0","არაფერი,არაფერს,არაფერია,არაფრის,არაფერ,არაფრით,არაფერში,არაფერზე"
"54","უფრო","upro","adv","more, rather","6.294","1564.45","2480.16","6.194","6.394","0.8824","0.3034","0","0","უფრო,უფროა,უპრო,უფო,უფორ,უმფრო,უფრ,უფრი"
"55","თავი","tavi","noun","self, head, chapter","6.288","2375.50","1586.80","6.376","6.201","0.9265","0.2331","0","0","თავი,თავს,თავზე,თავში,თავით,თავთან,თავები,თავსაც"
"56","მიღება","migheba","verb","reception, obtaining, admission","6.287","2494.56","1501.74","6.397","6.177","0.8971","0.1994","0","0","მიღება,მიიღო,მივიღე,იღებენ,მიიღებს,ვიღებ,იღებ,მიიღებ"
"57","წასვლა","ts'asvla","verb","to go, to leave, to depart","6.282","4574.29","801.24","6.660","5.904","0.9412","0.1538","0","0","წავიდა,წადი,წავა,წასვლა,წავედი,წავალ,წავიდეთ,წავიდე"
"58","ადამიანი","adamiani","noun","human, person, man","6.277","1676.06","2136.97","6.224","6.330","0.8676","0.2158","0","0","ადამიანი,ადამიანს,ადამიანის,ადამიანები,ადამიანმა,ადამიანებს,ადამიანების,ადამიანია"
"59","მხოლოდ","mkholod","adv","only","6.261","2319.70","1430.79","6.365","6.156","0.9118","0.2247","0","0","მხოლოდ,მხოლო,მხოლოს,ხოლოდ,მხოლდო,მხლოდ,ხოლოთ,მხოლდ"
"60","უბრალოდ","ubralod","adv","simply, just, merely","6.257","2714.07","1205.66","6.434","6.081","0.8676","0.2184","0","0","უბრალოდ,უბრალოთ,უბრალდო,უბრლაოდ,უბრაოდ,უბრლოდ,უფრალოდ,უბარლოდ"
"61","ფიქრი","pikri","verb","to think, to ponder","6.252","2911.25","1098.41","6.464","6.041","0.9118","0.1857","0","0","ვფიქრობ,ფიქრობთ,ვიფიქრე,ფიქრობ,ფიქრობს,ვფიქრობდი,იფიქრე,ფიქრობენ"
"62","სად","sad","adv","where","6.251","2635.94","1202.73","6.421","6.080","0.8971","0.2457","0","0","სად,სადაა,სადა,სადააა"
"63","ვინ","vin","pron","who","6.250","2449.91","1289.07","6.389","6.110","0.8824","0.2361","0","0","ვინ,ვის,ვისი,ვინაა,ვისთან,ვისთანაც,ვისთვის,ვისგან"
"64","კაცი","k'atsi","noun","man, person","6.247","2215.53","1410.25","6.345","6.149","0.8971","0.2197","0","0","კაცი,კაცო,კაცს,კაცმა,კაცის,კაცია,კაცები,კაცზე"
"65","შემდეგ","shemdeg","adv","after, then","6.242","2033.22","1502.10","6.308","6.177","0.9118","0.2252","0","0","შემდეგ,შემდეგაც,სემდეგ,შემდე,შემდეგადაც,შემდეგო,შედეგ,შენდეგ"
"66","თქვენი","tkveni","pron","your, yours","6.237","3807.88","783.27","6.581","5.894","0.8824","0.1487","0","0","თქვენი,თქვენს,ტქვენი,თქვენმა,თქვენის,თქვენო,თქვენია,თქვნი"
"67","უკვე","uk've","adv","already","6.199","1307.74","1909.09","6.117","6.281","0.8676","0.2970","0","0","უკვე,უვე,უკვეო,უკვეე,უკვა,უკე,უვკე,უყვე"
"68","რაღაც","raghats","pron","something, a certain thing","6.196","1486.32","1656.83","6.172","6.219","0.8824","0.2738","0","0","რაღაც,რაღაცეებს,რაგაც,რაღაცის,რაღაცით,რაღაცებს,რარაც,რაღ"
"69","მისვლა","misvla","verb","to arrive, to come, to go (to a place)","6.195","2040.66","1204.19","6.310","6.081","0.8824","0.2064","0","0","მიდის,მიდი,მივედი,მივდივარ,მიდიხარ,მისვლა,მივიდე,მიხვიდე"
"70","თამაში","t'amashi","noun","game, play","6.191","745.95","3235.84","5.873","6.510","0.6176","0.1819","0","0","თამაში,თამაშის,თამაშს,თამაშების,თამაშები,თამაშში,თამაშია,თამაშებს"
"71","მჭირდება","mch'irdeba","verb","to need","6.182","1947.65","1185.49","6.290","6.074","0.8676","0.2220","0","0","მჭირდება,სჭირდება,ჭირდება,გჭირდება,გვჭირდება,დაგჭირდება,დამჭირდა,დამჭირდება"
"72","არც","arts","conj","neither, nor","6.178","1144.04","1984.44","6.058","6.298","0.8235","0.2617","0","0","არც,არცაა,არცა,რც"
"73","ხალხი","khalkhi","noun","people, folk","6.178","1467.72","1546.65","6.167","6.189","0.8382","0.2430","0","0","ხალხი,ხალხს,ხალხის,ხალხო,ხალხმა,ხალხია,ხალხნო,ხალხთან"
"74","ჩვენი","chveni","pron","our, ours","6.177","2665.70","847.25","6.426","5.928","0.8971","0.1366","0","0","ჩვენი,ჩვენს,ჩვენების,ჩვენები,ჩვენია,ჩვენებს,ჩვენო,ჩვენებმა"
"75","მერე","mere","adv","then, afterwards, later","6.174","723.63","3086.06","5.860","6.489","0.6618","0.3603","0","0","მერე,მერეც,მერ,მერეა,მერეო,ერე,მერეე,ემრე"
"76","ცხოვრება","tskhovreba","noun","life, living","6.169","2022.06","1075.50","6.306","6.032","0.8676","0.1185","0","0","ცხოვრება,ცხოვრებაში,ცხოვრების,ცხოვრებას,ცხოვრებით,ცხოვრებაზე,ცხოვრებაა,ცხოვრებიდან"
"77","კეთება","k'eteba","verb","to do, to make","6.167","1899.29","1135.26","6.279","6.055","0.8824","0.1872","0","0","აკეთებს,აკეთებენ,ვაკეთებ,კეთდება,აკეთებ,კეთება,აკეთებდა,ვაკეთებთ"
"78","დღე","dghe","noun","day","6.166","1389.59","1547.57","6.143","6.190","0.8676","0.2193","0","0","დღე,დღეში,დღის,დღეა,დღეებში,დღით,დღეები,დღეზე"
"79","ბევრი","bevri","adj","many, much, a lot","6.146","1054.75","1854.09","6.023","6.268","0.8676","0.2354","0","0","ბევრი,მეტია,ბევრია,ბევრნი,ბევრიც,ბერვი,ბეევრი,ბევრში"
"80","თხოვნა","tkhovna","verb","to ask, to request","6.140","2918.69","652.01","6.465","5.814","0.8824","0.1512","0","0","გთხოვთ,გთხოვ,ვთხოვ,ითხოვს,ითხოვენ,მთხოვს,მთხოვა,ვითხოვ"
"81","როცა","rotsa","adv","when","6.138","1475.16","1282.47","6.169","6.108","0.8382","0.2028","0","0","როცა,როცაა,როც"
"82","ასეთი","aseti","pron","such, like this","6.135","1188.68","1567.37","6.075","6.195","0.8824","0.2586","0","0","ასეთი,ასეთ,ესეთი,ასეთია,ესეთ,ასეთები,ასეთს,ასეტი"
"83","მაინც","maints","particle","still","6.134","853.84","2168.50","5.931","6.336","0.8529","0.3186","0","0","მაინც,ქემაინც,მაინცაა,მაინ,მიანც,მაიც,მანც,მაინცა"
"84","მაშინ","mashin","adv","then, at that time","6.128","1516.08","1187.51","6.181","6.075","0.8676","0.2065","0","0","მაშინ,მაშინაც,მასინ,მაში,მაშინაა,მაშვინ,მაშნ,მაშინო"
"85","გაგება","gageba","verb","to understand, to comprehend, to hear","6.117","1370.98","1249.29","6.137","6.097","0.8676","0.2321","0","0","გავიგე,გამიგია,გაიგებ,გაიგო,გაიგე,გავიგო,ვიგებ,გაგება"
"86","დღეს","dghes","adv","today","6.116","1516.08","1126.83","6.181","6.052","0.8824","0.1990","0","0","დღეს,დღესაც,დგეს,დღესაა,დრესაც,დღესო"
"87","ხომ","khom","particle","right?, isn't it? (tag question)","6.112","1292.85","1297.51","6.112","6.113","0.7941","0.2515","0","0","ხომ,ჰომ,ხომაა,ხომა,ხოომ"
"88","ნუ","nu","particle","don't (prohibitive); well, um (filler)","6.107","1374.70","1191.91","6.138","6.076","0.8382","0.2165","0","0","ნუ,ნუუ,ნუუუ"
"89","დაწყება","dats'q'eba","verb","to start, to begin","6.106","1013.82","1605.13","6.006","6.206","0.8529","0.2440","0","0","დაიწყო,იწყება,დავიწყე,იწყებს,დაიწყება,დაიწყეს,დაიწყე,დაწყება"
"90","ჯერ","jer","adv","yet, still, times (as in ""three times"")","6.104","1039.86","1551.42","6.017","6.191","0.8529","0.2585","0","0","ჯერ,ჯერო,კერ,ჟერ,ჯეერ"
"91","სახლი","sakhli","noun","house, home","6.101","1973.70","806.37","6.295","5.907","0.8824","0.1299","0","0","სახლში,სახლის,სახლი,სახლიდან,სახლს,სახლები,სახში,სახლებში"
"92","იქ","ik","adv","there","6.100","1769.07","896.02","6.248","5.952","0.9118","0.1832","0","0","იქ,იქაც,იქაა,იკ,იქო,აიქ"
"93","ახალი","akhali","adj","new, fresh","6.093","902.21","1701.75","5.955","6.231","0.7647","0.2499","0","0","ახალი,ახალ,ახალს,ახალია,უახლესი,ახლის,ახლები,ახალმა"
"94","პირველი","p'irveli","num","first","6.087","1017.54","1466.35","6.008","6.166","0.7941","0.2182","0","0","პირველი,პირველ,პირველზე,პირველს,პირველმა,პირველია,უპირველეს,პირველის"
"95","ერთად","ertad","adv","together","6.086","2115.07","703.16","6.325","5.847","0.9118","0.1450","0","0","ერთად,ერტად,ერ,ერთადაც,ერთადაა,თად,ერთადო,ერთან"
"96","კითხვა","k'itkhva","verb","question, reading","6.079","1114.27","1288.52","6.047","6.110","0.7647","0.1601","0","0","ვკითხულობ,იკითხე,ვკითხე,კითხულობს,ვიკითხე,კითხე,კითხულობ,ვიკითხავ"
"97","ვინც","vints","pron","who, whoever","6.075","946.85","1494.40","5.976","6.174","0.8676","0.2673","0","0","ვინც,ვისაც,ვინცაა,ვისთვისაც,ვისზეც,ვიზეც,ვინაც,ვინებიც"
"98","ორი","ori","num","two","6.070","1348.66","1021.78","6.130","6.009","0.8529","0.1920","0","0","ორი,ორ,ორს,ორმა,ორის,ორიდან,ორად,ორზე"
"99","მუშაობა","mushaoba","verb","to work","6.066","1080.79","1255.16","6.034","6.099","0.7647","0.1821","0","0","მუშაობს,მუშაობა,იმუშავებს,მუშაობდა,ვმუშაობ,მუშაობენ,მუშაობის,მუშაობას"
"100","ვინმე","vinme","pron","someone, somebody, anyone","6.064","824.08","1626.95","5.916","6.211","0.8382","0.3361","0","0","ვინმე,ვინმეს,ვინმემ,ვინმესთან,ვინმეზე,ვინმეა,ვინმესთვის,ვინმესგან"
"101","თავისი","tavisi","pron","his own, her own, its own, their own","6.059","917.09","1429.14","5.962","6.155","0.8235","0.2175","0","0","თავის,თავისი,თავიანთი,თავიანთ,თავისას,თავისივე,ტავის,ტავისი"
"102","ხელი","kheli","noun","hand, arm","6.048","1117.99","1115.46","6.048","6.047","0.8971","0.1790","0","0","ხელი,ხელს,ხელში,ხელით,ხელის,ხელები,ხელზე,ხელების"
"103","საქმე","sakme","noun","case, business, matter","6.045","1281.69","958.17","6.108","5.981","0.8676","0.1729","0","0","საქმე,საქმეს,საქმეში,საქმის,საქმეა,საქმეზე,საქმეები,საქმეც"
"104","მგონია","mgonia","verb","to think, to seem","6.044","1140.32","1075.13","6.057","6.031","0.7059","0.2025","0","0","მგონია,მეგონა,გგონია,გონია,გგონიათ,გეგონება,ჰგონია,ეგონა"
"105","აი","ai","particle","here, there, look (presentative)","6.043","850.12","1433.90","5.929","6.157","0.6912","0.2437","0","0","აი,აიი,აიიი"
"106","მადლობა","madloba","noun","thanks, thank you","6.037","1352.38","878.24","6.131","5.944","0.8088","0.1988","0","0","მადლობა,მადლობას,მადლობის,მადლობაა,მადლობები,მადლობააა,ამდლობა,მადლობაააა"
"107","დახმარება","dakhmareba","verb","to help, to assist","6.034","1348.66","867.97","6.130","5.939","0.8676","0.1488","0","0","დამეხმარეთ,დამეხმაროთ,ეხმარება,დამეხმარებით,დაგეხმარება,დამეხმარება,დაგეხმარებათ,დაგეხმარები"
"108","ადგილი","adgili","noun","place, spot, seat","6.032","1147.76","1008.58","6.060","6.004","0.8824","0.1732","0","0","ადგილი,ადგილას,ადგილზე,ადგილს,ადგილები,ადგილია,ადგილებში,ადგილის"
"109","არსებობა","arseboba","verb","to exist","6.031","965.46","1195.94","5.985","6.078","0.7500","0.1780","0","0","არსებობს,არსებობდა,არსებობა,არსებობენ,არსებობდეს,იარსებებს,არსებობსო,იარსებებდა"
"110","აღარ","aghar","particle","no longer, not anymore","6.017","883.61","1223.63","5.946","6.088","0.7941","0.2154","0","0","აღარ,ღარ,აღარაა,აგარ,არარ,აღ,აღარა,აღრა"
"111","ცდა","ts'da","verb","to try, to attempt","6.013","1170.08","907.20","6.068","5.958","0.8676","0.1671","0","0","ვცადე,ვცდილობ,ცდილობს,ცადე,სცადე,ვცდი,ცდილობენ,ვეცდები"
"112","მომწონს","momts'ons","verb","I like","6.012","1196.12","881.72","6.078","5.945","0.8529","0.1421","0","0","მომწონს,მომეწონა,მოგწონს,მოსწონს,მომწონდა,მოგწონთ,მოეწონა,მოგეწონა"
"113","გამოსვლა","gamosvla","verb","exit, appearance, speech","6.010","857.56","1220.14","5.933","6.086","0.7941","0.2049","0","0","გამოდის,გამოვა,გამოვიდა,გამოვიდეს,გამომდის,გამოსვლა,გამომივიდა,გამოდიოდა"
"114","ბიჭი","bich'i","noun","boy","6.008","1966.26","526.61","6.294","5.721","0.8235","0.1075","0","0","ბიჭი,ბიჭო,ბიჭები,ბიჭებო,ბიჭს,ბიჭებს,ბიჭია,ბიჭის"
"115","ცოტა","tsot'a","adj","a little, a few, some","6.005","853.84","1197.78","5.931","6.078","0.8529","0.2127","0","0","ცოტა,ცოტანი,ცოტას,ცოტაა,ცოტაც,ცოტ,ცოტაზე,წოტა"
"116","მეგობარი","megobari","noun","friend","6.002","1627.69","620.48","6.212","5.793","0.8088","0.1422","0","0","მეგობრებო,მეგობარო,მეგობარი,მეგობრები,მეგობარს,მეგობრის,მეგობარმა,მეგობრებს"
"117","მყავს","mqavs","verb","to have (animate object)","5.998","954.29","1036.08","5.980","6.015","0.7500","0.1682","0","0","მყავს,ყავს,გვყავს,ჰყავს,გყავს,ყავთ,მყავდა,ყავდა"
"118","მთელი","mteli","adj","whole, entire, all","5.992","1147.76","838.82","6.060","5.924","0.8824","0.1622","0","0","მთელი,მთელ,მთელს,მთელმა,მტელი,მთლი,მელი,მტელ"
"119","მოხდენა","mokhdena","verb","to happen, to occur, to take place","5.992","1367.26","703.34","6.136","5.847","0.8676","0.1312","0","0","მოხდა,მოხდება,მოხდეს,ახდენს,უხდება,მოახდინა,მომხდარა,ხდებოდეს"
"120","მეტი","met'i","adj","more","5.991","701.30","1370.29","5.846","6.137","0.7941","0.2289","0","0","მეტი,მეტს,მეტ,მეტის,მეტსაც,მეტმა,მეტნი,მეტზე"
"121","ფული","puli","noun","money","5.988","928.25","1021.05","5.968","6.009","0.6029","0.1426","0","0","ფული,ფულს,ფულის,ფულით,ფულზე,ფულიც,ფულია,ფულსაც"
"122","მიცემა","mitsema","verb","to give","5.983","1188.68","779.05","6.075","5.892","0.8971","0.1529","0","0","აძლევს,მივეცი,მისცეს,მისცა,მიეცი,გვაძლევს,გაძლევს,აძლევენ"
"123","სულ","sul","adv","totally, completely, all in all","5.980","675.26","1347.92","5.829","6.130","0.5882","0.2411","0","0","სულ,სუ,სუულ,სულაა,სუუულ"
"124","ყველაზე","qvelaze","adv","most (superlative)","5.976","697.58","1280.82","5.844","6.107","0.8088","0.2142","0","0","ყველაზე,კველაზე,ველაზე,ყვეალზე,ყელაზე,ყველაძე,ყველაზ,ყველაე"
"125","დედა","deda","noun","mother","5.970","1363.54","637.71","6.135","5.805","0.7353","0.1176","0","0","დედა,დედას,დედის,დედაც,დედებს,დედები,დედამ,დედაზე"
"126","ღმერთი","ghmerti","noun","God","5.967","2163.44","396.63","6.335","5.598","0.8529","0.0640","0","0","ღმერთი,ღმერთმა,ღმერთო,ღმერთს,ღმერთის,ღვთის,ღმერთები,ღმერთების"
"127","პატარა","p'at'ara","adj","small, little","5.966","1415.63","603.79","6.151","5.781","0.8529","0.1226","0","0","პატარა,პატარაა,პატარები,პატარას,პატარ,პატარებს,პატარაზე,პატარების"
"128","ხდომა","khdoma","verb","to happen, to occur","5.965","950.57","894.18","5.978","5.951","0.7794","0.1720","0","0","ხდება,ხდებოდა"
"129","მეორე","meore","num","second, other","5.956","678.98","1202.18","5.832","6.080","0.7794","0.2141","0","0","მეორე,მეორეს,მეორეც,მეორეზე,მეორეში,მეორემ,მეორის,მეორეა"
"130","ალბათ","albat","adv","probably","5.954","675.26","1196.13","5.829","6.078","0.7794","0.2259","0","0","ალბათ,ალბად,ალბატ,ალაბთ,ალაბათ,ლაბათ,ლბათ"
"131","შემთხვევა","shemtkhveva","noun","case, instance, event","5.953","723.63","1113.08","5.860","6.047","0.7941","0.1732","0","0","შემთხვევაში,შემთხვევა,შემთხვევები,შემთხვევაშიც,შემთხვევებში,შემთხვევაა,შემთხვევისთვის,შემტხვევაში"
"132","ქალი","kali","noun","woman, female","5.948","1110.55","709.57","6.046","5.851","0.7353","0.0929","0","0","ქალი,ქალს,ქალის,ქალები,ქალებს,ქალების,ქალია,ქალმა"
"133","მოსმენა","mosmena","verb","listening, hearing, audition","5.948","1542.12","509.38","6.188","5.707","0.8382","0.0728","0","0","ვუსმენ,მოსმენა,ვუსმენდი,მოუსმინე,მოვუსმინე,მომისმენია,უსმენს,მისმინე"
"134","მიყვარს","miq'vars","verb","to love, to like","5.944","1404.47","550.63","6.148","5.741","0.8235","0.0985","0","0","მიყვარს,უყვარს,გიყვარს,მიყვარდა,უყვართ,მიყვარხარ,უყვარდა,გიყვართ"
"135","გამარჯობა","gamarjoba","interj","hello, greetings","5.941","1519.80","500.76","6.182","5.700","0.7206","0.1501","0","0","გამარჯობა,გამარჯობათ,გამაჯობათ,გამარჯობაათ,გამარჯობას,გამარჯობის"
"136","მოცემა","motsema","verb","to give, to grant","5.939","1516.08","497.46","6.181","5.697","0.8676","0.1163","0","0","იძლევა,მომცა,მომეცი,მოგცემს,მოგცემ,მომეცით,მოგცემთ,მომცეს"
"137","იქნებ","ikneb","particle","maybe, perhaps","5.936","913.37","815.54","5.961","5.911","0.7794","0.1917","0","0","იქნებ,იკნებ,იქნებდა,ინებ,იქებ"
"138","არავინ","aravin","pron","nobody, no one","5.936","931.97","797.57","5.969","5.902","0.8382","0.1741","0","0","არავინ,არავის,არავინაა,არავისთვის,არავისთან,არავისზე,არავისი,არავიზე"
"139","გზა","gza","noun","road, way, path","5.934","1095.67","672.36","6.040","5.828","0.8824","0.1052","0","0","გზა,გზით,გზაზე,გზის,გზას,გზები,გზაა,გზაში"
"140","აზრი","azri","noun","opinion, idea, meaning","5.930","548.77","1322.44","5.739","6.121","0.6765","0.2173","0","0","აზრი,აზრით,აზრზე,აზრს,აზრის,აზრია,აზრები,აზრებს"
"141","რომელი","romeli","pron","which, what","5.929","615.73","1170.28","5.789","6.068","0.6912","0.2332","0","0","რომელი,რომელ,რომელია,რომელზეც,რომელს,რომელთა,რომლითაც,რომელის"
"142","ყიდვა","q'idva","verb","to buy, to purchase","5.922","422.27","1656.28","5.626","6.219","0.6324","0.1888","0","0","იყიდება,ვიყიდე,ყიდვა,ვიყიდო,იყიდო,იყიდე,ვიყიდი,იყიდი"
"143","მართლა","martla","adv","really","5.921","894.77","776.49","5.952","5.890","0.5882","0.1650","0","0","მართლა,მარტლა,მართლაა,მართლ,ამრთლა,მართლად,მაღტლა"
"144","საუბარი","saubari","noun","to talk, to speak, to converse","5.919","1192.40","576.66","6.076","5.761","0.7059","0.0810","0","0","საუბარი,საუბარია,საუბრის,საუბარს,საუბრები,საუბარში,საუბრისას,საუბარიც"
"145","მახსოვს","makhsovs","verb","to remember","5.916","1058.47","640.46","6.025","5.806","0.8088","0.1354","0","0","მახსოვს,გახსოვს,გახსოვთ,ახსოვს,მახსოვდა,გახსოვდეთ,გახსოვდეს,გვახსოვს"
"146","ბავშვი","bavshvi","noun","child, baby","5.915","969.18","697.47","5.986","5.844","0.7500","0.0889","0","0","ბავშვი,ბავშვს,ბავშვები,ბავშვებს,ბავშვის,ბავშვების,ბავშვთა,ბავშვისთვის"
"147","საათი","saati","noun","hour, clock, watch","5.913","928.25","722.59","5.968","5.859","0.6765","0.1209","0","0","საათი,საათზე,საათში,საათის,სთ,საათით,საათამდე,საათს"
"148","დაბრუნება","dabruneba","verb","return, comeback","5.912","1716.99","388.75","6.235","5.590","0.8971","0.0796","0","0","დაბრუნება,დაბრუნდა,ბრუნდება,დაბრუნდება,დაბრუნებას,დავბრუნდი,დაბრუნდი,დავბრუნდები"
"149","მარტო","mart'o","adv","alone, only","5.910","652.94","1010.78","5.815","6.005","0.7206","0.2042","0","0","მარტო,მარტოდ,მარტოა,ამრტო,მარტ,მარტოც,მარტოო,მატო"
"150","ისეთი","iset'i","pron","such, such a","5.908","585.97","1117.48","5.768","6.048","0.5882","0.2146","0","0","ისეთი,ისეთ,ისეთს,ისეთები,ისეთია,ისეტი,ისეთებს,ისეთის"
"151","გასვლა","gasvla","verb","to go out, to exit","5.908","783.15","835.52","5.894","5.922","0.7353","0.1525","0","0","გადის,გავიდა,გავა,გავედი,გადიოდა,გავდივარ,გასვლის,გავალ"
"152","წინ","tsin","adv","forward, ahead, in front","5.907","775.71","841.20","5.890","5.925","0.8382","0.1741","0","0","წინ,წინაც,წინაა,ცინ,წინო"
"153","ხედვა","khedva","verb","to see, to view, vision","5.907","1583.05","412.03","6.199","5.615","0.8971","0.0891","0","0","ვხედავ,ხედავ,ხედავს,ხედავთ,ვხედავთ,ხედვა,ხედავენ,ვხედავდი"
"154","დარჩენა","darchena","verb","to stay, to remain","5.907","1028.70","633.67","6.012","5.802","0.8382","0.1381","0","0","დარჩა,რჩება,დარჩება,დამრჩა,დარჩეს,დავრჩი,მრჩება,დაგრჩებით"
"155","პრობლემა","p'roblema","noun","problem","5.904","492.96","1303.92","5.693","6.115","0.5294","0.1980","0","0","პრობლემა,პრობლემები,პრობლემაა,პრობლემას,პრობლემის,პრობლემების,პრობლემებს,პრობლემაც"
"156","გამო","gamo","other","because of, due to, for","5.900","749.67","840.47","5.875","5.925","0.7500","0.1599","0","0","გამო,გამოც,გამოა,გამოო,მოც"
"157","ისევ","isev","adv","again, still, yet","5.899","771.99","813.34","5.888","5.910","0.7353","0.1637","0","0","ისევ,ისევო,სიევ"
"158","რადგან","radgan","conj","because, since","5.893","798.04","766.40","5.902","5.884","0.7500","0.1410","0","0","რადგან,რახან,რადგამ,რაგდან"
"159","იმიტომ","imitom","adv","because, for that reason","5.891","738.51","818.84","5.868","5.913","0.8088","0.1586","0","0","იმიტომ,იმიტო,იმიტომაა,იმიტოა,მიტო,იმიტომაცაა,იმტომ,იმიტომო"
"160","სახელი","sakheli","noun","name, reputation, fame","5.890","1147.76","525.14","6.060","5.720","0.8235","0.1061","0","0","სახელი,სახელით,სახელს,სახელები,სახელად,სახელია,სახელის,სახელზე"
"161","იგივე","igive","pron","same, the same","5.889","660.38","908.67","5.820","5.958","0.7794","0.1698","0","0","იგივე,იგივეა,იმავე,იგივეს,იმავეს,იგივ,იგივეთი,იგვე"
"162","სადაც","sadats","adv","where","5.885","574.81","1025.45","5.760","6.011","0.7794","0.1989","0","0","სადაც,სადც,ადაც,საცა"
"163","ცუდი","tsudi","adj","bad, poor","5.883","853.84","683.17","5.931","5.835","0.8088","0.1425","0","0","ცუდი,ცუდია,ცუდ,უარესი,ცუდს,უარესია,უარეს,უარესს"
"164","ასევე","asave","adv","also, as well, likewise","5.877","541.32","1047.26","5.733","6.020","0.6324","0.1743","0","0","ასევე,ასევეა,გასევე,ასევ,ესევე,ასვე"
"165","მესმის","mesmis","verb","to understand, to hear","5.874","1709.54","327.15","6.233","5.515","0.8529","0.0781","0","0","მესმის,გესმის,ესმის,გესმით,ესმით,მესმოდა,გვესმის,ისმოდა"
"166","ყურება","q'ureba","verb","to watch, to look, to observe","5.872","745.95","743.67","5.873","5.871","0.7794","0.1323","0","0","ვუყურებ,ვუყურე,ყურება,უყურებს,უყურებ,ვუყურებდი,უყურე,უყურეთ"
"167","საკუთარი","sak'utari","pron","own, private, personal","5.870","883.61","622.68","5.946","5.794","0.7794","0.1018","0","0","საკუთარი,საკუთარ,საკუთარის,საკუტარი,საკუტარ,საკუთარს,საკუთარზე"
"168","ჰო","ho","particle","yes, yeah","5.863","2167.16","245.20","6.336","5.390","0.5147","0.0648","0","0","ჰო,ჰოო,ჰოოო,ჰოოოო,ჰოს"
"169","აბა","aba","particle","well, then, let's see (discourse marker)","5.861","504.12","1046.35","5.703","6.020","0.5294","0.2184","0","0","აბა,აბაა,აპა,აბააა,აბაააა,ააბა"
"170","აღება","agheba","verb","to take, to pick up","5.858","857.56","605.08","5.933","5.782","0.7794","0.1309","0","0","იღებს,აიღო,აიღე,ავიღე,აღება,ავიღოთ,ავიღო,აიღებს"
"171","დაწერა","dats'era","verb","to write","5.857","355.30","1454.62","5.551","6.163","0.5147","0.2623","0","0","დავწერე,დაწერე,დაწერეთ,დავწერ,დაწერა,დაწეროთ,დავწერო,დაწერო"
"172","თუმცა","tumtsa","conj","although, however","5.855","507.84","1009.32","5.706","6.004","0.7059","0.1659","0","0","თუმცა,თუმც,ტუმცა"
"173","ანუ","anu","conj","meaning, that is to say (filler)","5.855","277.17","1847.31","5.443","6.267","0.3824","0.2640","0","0","ანუ,ანუუ,აანუ"
"174","რამდენი","ramdeni","pron","how many, how much","5.854","641.78","795.92","5.807","5.901","0.7941","0.1693","0","0","რამდენი,რამდენ,რამდენს,რამდენია,რამდენსაც,რამდენის,რამდენმა,რამდენზე"
"175","რამდენიმე","ramdenime","pron","several, a few","5.854","559.93","910.50","5.748","5.959","0.7353","0.1813","0","0","რამდენიმე,რამოდენიმე,რამდენიმეს,რამოდენიმეს,რამდენიმემ,რამდენიმეა,რამდნიმე,რამოდენიმეზე"
"176","ხანი","khani","noun","time, period, era","5.846","693.86","707.92","5.841","5.850","0.8088","0.1649","0","0","ხანია,ხანი,ხნის,ხანს,ხანში,ხნით,ხანიც,ხნისაა"
"177","შესახებ","shesakheb","other","about, concerning","5.844","1032.42","472.16","6.014","5.674","0.8382","0.0984","0","0","შესახებ,შესახებაც,სესახებ,შესახებაა"
"178","ხო","kho","particle","yes, yeah; right? (tag question)","5.843","262.29","1846.76","5.419","6.266","0.3824","0.2911","0","0","ხო,ხოო,ხოოო,ხოა,ხოოოო,ხოოოოო,ქო,ხოს"
"179","თვე","tve","noun","month","5.842","504.12","957.43","5.703","5.981","0.6029","0.1527","0","0","თვეში,თვე,თვის,თვეა,თვით,თვეზე,თვეს,თვემდე"
"180","იმედი","imedi","noun","hope","5.839","675.26","705.17","5.829","5.848","0.7500","0.1472","0","0","იმედია,იმედი,იმედზე,იმედის,იმედს,იმედით,იმედები,იმედად"
"181","მაგარი","magari","adj","cool, hard, great","5.836","299.50","1570.85","5.476","6.196","0.4118","0.2313","0","0","მაგარი,მაგარია,მაგარ,უმაგრესი,მაგრები,მაგარს,უმაგრესია,მაგარიააა"
"182","სიკვდილი","sik'vdili","verb","death","5.836","1207.28","388.38","6.082","5.589","0.6765","0.0490","0","0","მოკვდა,კვდება,მოკვდება,მოვკვდები,მოვკვდე,მოკვდები,მოკვდეს,ვკვდები"
"183","გახდომა","gakhdoma","verb","to become, to get","5.831","612.01","751.37","5.787","5.876","0.7647","0.1426","0","0","გახდა,გახდება,გახდეს,გავხდი,ვხდები,გახდე,გახდნენ,გახდები"
"184","მანქანა","mankana","noun","car, machine, vehicle","5.831","879.89","520.93","5.944","5.717","0.5882","0.0674","0","0","მანქანა,მანქანის,მანქანას,მანქანაში,მანქანები,მანქანით,მანქანების,მანქანაზე"
"185","ექიმი","ek'imi","noun","doctor, physician","5.823","660.38","669.24","5.820","5.826","0.4706","0.0611","0","0","ექიმი,ექიმთან,ექიმმა,ექიმს,ექიმის,ექიმები,ექიმების,ექიმებს"
"186","მაინტერესებს","maint'eresebs","verb","to be interested (in), it interests me","5.816","422.27","1016.65","5.626","6.007","0.6471","0.2144","0","0","მაინტერესებს,გაინტერესებს,აინტერესებს,მაინტერესებდა,გაინტერესებთ,აინტერესებთ,გვაინტერესებს,მაინტერსებს"
"187","პოვნა","p'ovna","verb","to find","5.815","998.94","427.25","6.000","5.631","0.8529","0.1025","0","0","ვიპოვე,პოვნა,იპოვი,ვპოულობ,იპოვე,ვიპოვო,იპოვო,იპოვა"
"188","სანამ","sanam","conj","until, before, while","5.815","816.64","521.48","5.912","5.717","0.8382","0.1261","0","0","სანამ,სანა,სადამ,საანამ"
"189","წერა","tsera","verb","to write","5.812","310.66","1354.52","5.492","6.132","0.5147","0.2332","0","0","წერია,წერს,ვწერ,წერ,ეწერა,აწერია,უწერია,წერა"
"190","ბოლო","bolo","adj","last, end, final","5.811","522.72","801.79","5.718","5.904","0.7059","0.1496","0","0","ბოლო,ბოლოში,ბოლოდან,ბოლოსთვის,ბოლოა,ბოლოზე,ბოლოშია,ბოლოები"
"191","წყალი","ts'q'ali","noun","water","5.809","638.06","651.64","5.805","5.814","0.6176","0.0712","0","0","წყალი,წყლის,წყალში,წყალს,წყლით,წყალზე,წყალიც,წყალია"
"192","შეხება","shekheba","verb","to touch, to contact","5.804","511.56","792.25","5.709","5.899","0.6765","0.1362","0","0","შეეხება,ეხება,შეეხო,ეხებოდა,გეხება,ვეხები,შეხებისას,ეხებათ"
"193","სახე","sakhe","noun","face, type, form","5.804","760.83","532.29","5.881","5.726","0.8235","0.1081","0","0","სახით,სახის,სახე,სახეზე,სახეს,სახეში,სახეები,სახეზეა"
"194","ლაპარაკი","lap'arak'i","verb","speaking, talk, speech","5.801","958.01","417.35","5.981","5.620","0.7059","0.0845","0","0","ლაპარაკი,ლაპარაკობს,ლაპარაკობ,ვლაპარაკობ,ლაპარაკობენ,ვილაპარაკოთ,ლაპარაკს,ველაპარაკე"
"195","მგონი","mgoni","adv","I think, probably","5.800","399.95","995.93","5.602","5.998","0.3824","0.2067","0","0","მგონი,მოგნი"
"196","გარეშე","gareshe","other","without","5.798","712.47","553.93","5.853","5.743","0.8235","0.1175","0","0","გარეშე,გარეშეა,გარეშეც,გარეში,გარეშ,გარესე,გარეშეს"
"197","როდესაც","rodesats","conj","when","5.795","861.28","452.18","5.935","5.655","0.7647","0.0811","0","0","როდესაც"
"198","გამოყენება","gamoq'eneba","verb","to use, to apply","5.795","370.18","1050.01","5.568","6.021","0.5147","0.1440","0","0","გამოყენება,გამოიყენება,ვიყენებ,იყენებს,იყენებენ,გამოიყენო,გამოიყენე,იყენებ"
"199","პასუხი","p'asukhi","noun","answer, response","5.789","504.12","750.64","5.703","5.875","0.5294","0.1039","0","0","პასუხი,პასუხს,პასუხის,პასუხები,პასუხისთვის,პასუხია,პასუხებს,პასუხად"
"200","სიტყვა","sit'q'va","noun","word, speech","5.786","742.23","502.78","5.871","5.701","0.8235","0.0942","0","0","სიტყვა,სიტყვით,სიტყვები,სიტყვის,სიტყვას,სიტყვებს,სიტყვების,სიტყვებით"
"201","წუთი","ts'uti","noun","minute","5.785","779.43","477.48","5.892","5.679","0.6912","0.0934","0","0","წუთი,წუთში,წუთის,წუთით,წუთზე,წუთას,წუთს,წთ"
"202","გრძნობა","grdznoba","verb","to feel, to sense","5.784","969.18","382.33","5.986","5.582","0.7647","0.0612","0","0","ვგრძნობ,გრძნობ,იგრძნობა,ვიგრძენი,გრძნობს,იგრძნობ,ვგრძნობდი,იგრძნო"
"203","ნამდვილად","namdvilad","adv","really, truly, indeed","5.784","827.80","447.05","5.918","5.650","0.8235","0.1030","0","0","ნამდვილად,ნადვილად,ნადმვილად,ნამდვილათ,ნამდვიალდ,ნამდვილადაა"
"204","მთავარი","mtavari","adj","main, principal, chief","5.777","504.12","710.67","5.703","5.852","0.5441","0.1447","0","0","მთავარი,მთავარია,მთავარ,უმთავრესი,მტავარი,მტავარია,მთავარმა,მთვარია"
"205","მართალი","martali","adj","right, true, just","5.776","917.09","389.30","5.962","5.590","0.8235","0.0978","0","0","მართალია,მართალი,მართალს,მართლები,მართალიც,მარტალი,მართლებიც,მარტალია"
"206","აპირება","ap'ireba","verb","to intend, to plan, to be about to","5.776","1013.82","350.98","6.006","5.545","0.8235","0.0909","0","0","ვაპირებ,აპირებ,აპირებს,ვაპირებდი,აპირებენ,აპირებთ,ვაპირებთ,აპირებდა"
"207","კვირა","k'vira","noun","week, Sunday","5.775","530.16","668.14","5.724","5.825","0.6471","0.1219","0","0","კვირაში,კვირა,კვირის,კვირას,კვირაა,კვირით,კვირაზე,კვირაც"
"208","ამიტომ","amit'om","adv","therefore, that's why, so","5.771","526.44","660.44","5.721","5.820","0.6765","0.1319","0","0","ამიტომ,ამიტო,ამიტომაა,ამოტომ,ამიტოა,ამიტ,ამითომ,მიტომ"
"209","დატოვება","dat'oveba","verb","to leave, to abandon","5.763","1065.91","314.50","6.028","5.498","0.8235","0.0791","0","0","დატოვა,ტოვებს,დატოვება,დავტოვე,დატოვე,დატოვო,დატოვეს,ტოვებენ"
"210","გოგო","gogo","noun","girl","5.759","634.34","518.54","5.802","5.715","0.5882","0.0751","0","0","გოგო,გოგოს,გოგოები,გოგოა,გოგოებს,გოგომ,გოგოების,გოგოსთან"
"211","ხოლმე","kholme","particle","usually, often (habitual marker)","5.750","251.13","1260.84","5.400","6.101","0.2647","0.2217","0","0","ხოლმე,ხომე,ხოლმეო,ჰოლმე,ხოლმეე,ხოლმედა"
"212","ქნა","kna","verb","to do, to make","5.749","519.00","607.64","5.715","5.784","0.6029","0.1449","0","0","ვქნა,ქნა,ქენი,ქნას,იზამ,ვქნათ,იზამს,ვქენი"
"213","იგი","igi","pron","he, she, it","5.745","1170.08","263.53","6.068","5.421","0.7647","0.0481","0","0","იგი,იგინი,იგია,იგ,იგიც"
"214","ადრე","adre","adv","early, before, formerly","5.744","459.48","668.69","5.662","5.825","0.6765","0.1586","0","0","ადრე,ადრეც,ადრეა,ადრევე"
"215","ყოველთვის","q'oveltvis","adv","always, every time","5.740","771.99","391.31","5.888","5.593","0.8676","0.0920","0","0","ყოველთვის,ყოველტვის,ყოვეთვის,ყოვლეთვის,ყოველთვისაა"
"216","გული","guli","noun","heart","5.739","556.21","541.46","5.745","5.734","0.6618","0.1075","0","0","გული,გულის,გულზე,გულში,გულს,გულით,გულისთვის,გულთან"
"217","შორის","shoris","other","between, among","5.738","530.16","565.48","5.724","5.752","0.7353","0.1119","0","0","შორის,შორისაა,შორისო,სორის,შორისაც"
"218","ზუსტად","zust'ad","adv","exactly, precisely, accurately","5.737","452.03","659.34","5.655","5.819","0.6176","0.1495","0","0","ზუსტად,ზუსტადაც,ზუსტათ,ზუტად,ზუსთად,ზისტად,ზუსტაად"
"219","უკან","uk'an","adv","back, behind","5.734","917.09","320.37","5.962","5.506","0.8088","0.0739","0","0","უკან,უკანაც,უკანაა,უკანო"
"220","ბატონი","bat'oni","noun","Mr., master, lord","5.733","1415.63","206.15","6.151","5.314","0.6324","0.0492","0","0","ბატონო,ბატონი,ბატონ,ბატონებო,ბატონმა,ბატონიდან,ბატონის,ბატონები"
"221","ფეხი","pekhi","noun","foot, leg","5.729","563.65","508.64","5.751","5.706","0.6765","0.0904","0","0","ფეხი,ფეხით,ფეხზე,ფეხები,ფეხის,ფეხებზე,ფეხს,ფეხებს"
"222","შეცვლა","shetsvla","verb","to change, to replace","5.728","548.77","520.01","5.739","5.716","0.7353","0.1038","0","0","შეცვლა,შეიცვალა,შეიცვლება,შეცვლის,შეცვალა,შეიცვალოს,შევცვალე,შევცვალო"
"223","ნაწილი","nats'ili","noun","part, section","5.726","370.18","764.39","5.568","5.883","0.5735","0.1063","0","0","ნაწილი,ნაწილს,ნაწილში,ნაწილის,ნაწილია,ნაწილები,ნაწილების,ნაწილად"
"224","გულისხმობა","guliskhmoba","verb","to mean, to imply, to involve","5.725","649.22","433.30","5.812","5.637","0.6471","0.0992","0","0","ვგულისხმობ,გულისხმობ,იგულისხმება,გულისხმობს,ვიგულისხმე,გულისხმობთ,ვგულისხმობდი,გულისხმობდა"
"225","ჭამა","ch'ama","verb","to eat","5.724","600.85","466.48","5.779","5.669","0.6912","0.0573","0","0","ჭამა,ვჭამ,ჭამს,ჭამო,ჭამენ,ჭამე,ვჭამე,ჭამ"
"226","გაგრძელება","gagrdzeleba","verb","to continue, to prolong","5.722","678.98","409.28","5.832","5.612","0.7794","0.0919","0","0","გრძელდება,გაგრძელება,გაგრძელდა,გავაგრძელებ,გაგრძელდება,გააგრძელე,აგრძელებს,გააგრძელეთ"
"227","თვალი","tvali","noun","eye","5.719","608.29","449.98","5.784","5.653","0.7500","0.0862","0","0","თვალი,თვალები,თვალით,თვალის,თვალს,თვალში,თვალებში,თვალებს"
"228","საჭირო","sach'iro","adj","necessary, needed, required","5.718","359.02","759.62","5.555","5.881","0.5735","0.1402","0","0","საჭირო,საჭიროა,საჭიროდ,საჭიროო,საჩირო,საჩიროა,საჭიროც,საჭიროს"
"229","შვილი","shvili","noun","child, son, daughter","5.718","898.49","303.50","5.954","5.482","0.7794","0.0528","0","0","შვილი,შვილს,შვილები,შვილის,შვილებს,შვილო,შვილმა,შვილების"
"230","შესვლა","shesvla","verb","to enter, to go in","5.718","392.51","693.81","5.594","5.841","0.6324","0.1325","0","0","შედის,შევდივარ,შევედი,შედი,შევიდა,შეხვალ,შევა,შედიხარ"
"231","ერთხელ","ert'khel","adv","once, one time","5.715","537.60","500.21","5.730","5.699","0.8088","0.1182","0","0","ერთხელ,ერტხელ,ერთჯერ,ერთხელაა,ერთხე"
"232","სიარული","siaruli","verb","to walk, to go","5.712","399.95","664.29","5.602","5.822","0.6324","0.1090","0","0","დადის,სიარული,დავდივარ,დადიან,დავდიოდი,დადიოდა,დადიხარ,იარო"
"233","ღამე","ghame","noun","night","5.708","879.89","295.62","5.944","5.471","0.7500","0.0638","0","0","ღამე,ღამის,ღამით,ღამეს,ღამეში,ღამეა,ღამეები,ღამეც"
"234","ქვეყანა","kveq'ana","noun","country, land","5.704","340.42","752.47","5.532","5.876","0.4853","0.1122","0","0","ქვეყანაში,ქვეყანა,ქვეყნის,ქვეყანას,ქვეყნებში,ქვეყნიდან,ქვეყნების,ქვეყანაა"
"235","წარმოდგენა","ts'armodgena","verb","to present, to imagine, to perform","5.703","496.68","513.04","5.696","5.710","0.6029","0.0870","0","0","წარმოადგენს,წარმოიდგინე,წარმოიდგინეთ,წარმომიდგენია,წარმოადგენენ,წარმოადგენდა,წარმოგიდგენიათ,წარმოგიდგენია"
"236","თან","tan","adv","with, at, by","5.703","191.60","1327.76","5.282","6.123","0.3235","0.2401","0","0","თან,ტან"
"237","საერთოდ","saertod","adv","generally, at all, in general","5.696","221.37","1112.16","5.345","6.046","0.3824","0.2119","0","0","საერთოდ,საერტოდ,საერთოთ,სერთოდ,სართოდ,საერთ,საერთოდო,საეთოდ"
"238","შეხვედრა","shekhvedra","verb","meeting, encounter","5.695","857.56","285.72","5.933","5.456","0.7647","0.0570","0","0","შემხვდა,შემხვედრია,შეხვდა,შეხვდება,შევხვდი,შეგხვდა,შეგხვდება,შეხვდებით"
"239","ქალაქი","kalaki","noun","city, town","5.694","660.38","369.87","5.820","5.568","0.5882","0.0517","0","0","ქალაქში,ქალაქის,ქალაქი,ქალაქ,ქალაქს,ქალაქებში,ქალაქია,ქალაქები"
"240","სწავლა","ts'avla","verb","study, learning, education","5.693","355.30","683.36","5.551","5.835","0.5882","0.0922","0","0","სწავლა,სწავლის,ისწავლო,ვსწავლობ,ვისწავლე,სწავლობს,ვისწავლო,ისწავლე"
"241","ყოველი","qoveli","pron","every, each","5.693","500.40","485.18","5.699","5.686","0.6912","0.1074","0","0","ყოველ,ყოველი,ყოვლისა,ყოვლის,ყოვე,ყოველმა,ყოველსა,ყოველთა"
"242","ჩენა","chena","verb","to appear, to seem, to show","5.693","585.97","414.23","5.768","5.617","0.8088","0.1005","0","0","ჩანს,ჩანდა"
"243","ძველი","dzveli","adj","old, ancient","5.692","425.99","569.51","5.629","5.756","0.6029","0.1135","0","0","ძველი,ძველ,ძველია,უძველესი,ძვ,ძველები,ძველს,უძველეს"
"244","ხმა","khma","noun","voice, sound, vote","5.689","466.92","511.76","5.669","5.709","0.6176","0.0823","0","0","ხმა,ხმის,ხმას,ხმები,ხმით,ხმაზე,ხმაც,ხმებს"
"245","ძმა","dzma","noun","brother","5.688","705.02","336.87","5.848","5.527","0.6618","0.0832","0","0","ძმა,ძმაო,ძმას,ძმის,ძმები,ძმებო,ძმამ,ძმაა"
"246","ლოდინი","lodini","verb","to wait","5.687","649.22","364.00","5.812","5.561","0.8235","0.0851","0","0","ველოდები,ელოდება,ველოდი,ველოდებოდი,ველოდებით,ელოდები,ელოდა,ელოდებიან"
"247","ცნობა","tsnoba","verb","knowledge, information, notice","5.686","712.47","329.90","5.853","5.518","0.6912","0.0632","0","0","ვიცნობ,იცნობ,იცნობს,იცნობთ,ვიცნობდი,ვიცნობთ,იცნობენ,ცნობს"
"248","სამი","sami","num","three","5.685","682.70","343.10","5.834","5.535","0.7206","0.0810","0","0","სამი,სამ,სამიდან,სამს,სამმა,სამნი,სამზე,სამის"
"249","დადება","dadeba","verb","to put, to place, to lay","5.683","228.81","1015.18","5.359","6.007","0.4706","0.1808","0","0","დავდებ,დადე,დავდე,დადო,დადეთ,დადება,დავდო,დაიდება"
"250","ძაღლი","dzaghli","noun","dog","5.678","489.24","464.28","5.690","5.667","0.4853","0.0272","0","0","ძაღლი,ძაღლის,ძაღლები,ძაღლს,ძაღლების,ძაღლებს,ძაღლია,ძაღლმა"
"251","ვიდრე","vidre","conj","than, before, until","5.675","448.31","499.66","5.652","5.699","0.6324","0.1084","0","0","ვიდრე,ვიდე"
"252","დიახ","diakh","particle","yes (formal)","5.675","3796.71","58.94","6.579","4.770","0.8088","0.0142","0","0","დიახ"
"253","თემა","tema","noun","topic, theme, subject","5.673","79.99","2772.75","4.903","6.443","0.1912","0.3720","0","0","თემა,თემას,თემაში,თემის,თემაა,თემაზე,თემები,თემების"
"254","მამა","mama","noun","father","5.671","1233.33","178.47","6.091","5.252","0.7206","0.0367","0","0","მამა,მამის,მამას,მამები,მამაა,მამამ,მამაც,მამების"
"255","ჯდომა","jdoma","verb","to sit","5.668","478.08","453.65","5.679","5.657","0.6029","0.1007","0","0","ჯდება,ზის,ვზივარ,იჯდა,ჯდომა,ვიჯექი,ზიხარ,ზიან"
"256","მხარე","mkhare","noun","side, region, party","5.668","340.42","635.51","5.532","5.803","0.6324","0.1223","0","0","მხრივ,მხარეს,მხრიდან,მხარე,მხარის,მხარეზე,მხარეები,მხარეში"
"257","გახსნა","gakhsna","verb","to open, to launch, to establish","5.667","314.38","685.92","5.497","5.836","0.5588","0.1573","0","0","გახსნა,გავხსენი,გაიხსნა,გახსენი,გახსნას,გახსნის,გამეხსნა,გაიხსნება"
"258","ნიშვნა","nishvna","verb","to appoint, to designate, to mark","5.659","440.87","472.35","5.644","5.674","0.6765","0.0976","0","0","ნიშნავს,ინიშნება,ნიშნავდა,ნიშნავდეს,ნიშნავენ,უნიშნავენ,ნიშნავსო,უნიშნავს"
"259","ქუჩა","kucha","noun","street","5.659","303.22","686.47","5.482","5.837","0.4706","0.0580","0","0","ქ,ქუჩაში,ქუჩა,ქუჩის,ქუჩაზე,ქუჩებში,ქუჩები,ქუჩების"
"260","ამბავი","ambavi","noun","story, news, event","5.659","429.71","484.26","5.633","5.685","0.6324","0.1158","0","0","ამბავი,ამბავია,ამბები,ამბავში,ამბავს,ამბებს,ამბების,ამბავზე"
"261","ძებნა","dzebna","verb","to search, to look for","5.656","519.00","395.71","5.715","5.597","0.6471","0.0989","0","0","ვეძებ,ძებნა,ეძებს,ვეძებდი,ეძებ,ვეძებე,ეძებენ,ვეძებთ"
"262","დაცვა","datsva","noun","to protect, to defend, to guard","5.654","533.88","379.95","5.727","5.580","0.5294","0.0395","0","0","დაცვა,დაცვის,დაცვას,დაცვით,დაცვაში,დაცვაზე,დაცვაა,დაცვისა"
"263","უფლება","upleba","noun","right, authority, permission","5.652","671.54","300.02","5.827","5.477","0.7647","0.0521","0","0","უფლება,უფლებას,უფლებები,უფლებების,უფლების,უფლებებს,უფლებაც,უფლებით"
"264","გაშვება","gashveba","verb","to release, to launch, to let go","5.651","425.99","471.61","5.629","5.674","0.6176","0.1016","0","0","უშვებს,გაშვებისას,გაუშვა,უშვებენ,გაშვება,გაუშვი,გაუშვეს,გავუშვი"
"265","ლამაზი","lamazi","adj","beautiful, pretty","5.648","727.35","271.97","5.862","5.435","0.7500","0.0524","0","0","ლამაზი,ლამაზია,ულამაზესი,ლამაზ,ლამაზები,ულამაზესია,ლამაზიც,ულამაზეს"
"266","ბოლოს","bolos","adv","finally","5.647","414.83","474.55","5.618","5.676","0.6471","0.1136","0","0","ბოლოს"
"267","განმავლობა","ganmavloba","noun","duration, course","5.646","597.13","327.52","5.776","5.515","0.6618","0.0674","0","0","განმავლობაში,განმავლობაშ,განმავლობაშიც,განმვალობაში,განმალობაში,განმავლობასი,განმვალობაშიც,განამვლობაში"
"268","ბრძოლა","brdzola","noun","fight, struggle, battle","5.641","727.35","263.17","5.862","5.420","0.3971","0.0307","0","0","ბრძოლა,ბრძოლის,ბრძოლაში,ბრძოლას,ბრძოლები,ბრძოლაა,ბრძოლიდან,ბრძოლებში"
"269","დაკარგვა","dak'argva","verb","to lose, to be lost","5.640","541.32","351.72","5.733","5.546","0.7647","0.0859","0","0","დაკარგა,კარგავს,დავკარგე,დაკარგვა,დაიკარგა,იკარგება,დაკარგვის,დაკარგავს"
"270","გადასვლა","gadasvla","verb","to move, to cross, to switch","5.639","373.90","507.54","5.573","5.705","0.5441","0.1079","0","0","გადადის,გადავიდა,გადასვლა,გადავედი,გადავა,გადავალ,გადადით,გადავიდეს"
"271","შეხედვა","shekhedva","verb","to look, to glance, to view","5.639","1084.51","174.62","6.035","5.242","0.7647","0.0425","0","0","შეხედე,შეხედეთ,შეხედავ,შევხედე,შევხედოთ,შეხედო,შევხედავ,შევხედავთ"
"272","რჩევა","rcheva","verb","to advise, to recommend","5.639","199.04","951.02","5.299","5.978","0.2500","0.1445","0","0","მირჩიეთ,გირჩევ,მირჩევთ,მირჩიოთ,გირჩევთ,გირჩევდი,მირჩიეს,მირჩევდით"
"273","მოკვლა","mok'vla","verb","to kill","5.636","1073.35","173.89","6.031","5.240","0.6765","0.0381","0","0","მოკლა,მოკლეს,მოკვლა,მოიკლა,მოკალი,მოვკალი,მოკვლას,მოკლავს"
"274","დილა","dila","noun","morning","5.633","667.82","276.55","5.825","5.442","0.6471","0.0596","0","0","დილით,დილის,დილას,დილა,დილიდან,დილამდე,დილაა,დილასაც"
"275","დაჭერა","dach'era","verb","to catch, to arrest, to hold","5.631","537.60","339.62","5.730","5.531","0.5882","0.0705","0","0","იჭერს,დაჭერა,უჭირავს,დააჭირეთ,დააჭირე,დაიჭირეს,დაიჭირა,ვაჭერ"
"276","მოგება","mogeba","verb","to win, to gain, to profit","5.629","191.60","947.53","5.282","5.977","0.4265","0.0849","0","0","მოგება,მოიგო,მოიგებს,მოვიგე,იგებს,უგებს,მოიგოს,მოუგო"
"277","ერთმანეთი","ert'maneti","pron","each other, one another","5.628","411.11","439.35","5.614","5.643","0.5735","0.0951","0","0","ერთმანეთს,ერთმანეთის,ერთმანეთთან,ერთმანეთში,ერთმანეთი,ერთმანეთისგან,ერთმანეთზე,ერთმანეთისაგან"
"278","მალე","male","adv","soon, quickly","5.628","492.96","365.65","5.693","5.563","0.7647","0.0921","0","0","მალე,მალ,მალეო,მალეც"
"279","საკმაოდ","sak'maod","adv","quite, fairly, enough","5.627","329.26","544.58","5.518","5.736","0.5147","0.1169","0","0","საკმაოდ,საკამოდ,საკმაოდაა,საკმადო,საკმაოთ,სამაოდ,საკამაოდ,საკმოად"
"280","რაიმე","raime","pron","anything, something","5.621","362.74","482.06","5.560","5.683","0.6176","0.1071","0","0","რაიმე,რაიმეს,რაიმეზე,რაიმეთი,რაიმეში,რაიმის,რაიმესი"
"281","ორივე","orive","pron","both","5.615","385.07","441.91","5.586","5.645","0.5882","0.1021","0","0","ორივე,ორივეს,ორივემ,ორივეზე,ორივენი,ორივეში,ორივესი,ორივესთვის"
"282","მსოფლიო","msoplio","noun","world","5.615","359.02","473.63","5.555","5.675","0.5294","0.0846","0","0","მსოფლიო,მსოფლიოში,მსოფლიოს,მსოფლიოზე,მსოფლიომ,მსოფლიოდან,მსოფლიოსთვის,მსოფლიოშიც"
"283","ნებისმიერი","nebismieri","pron","any, arbitrary","5.615","340.42","498.93","5.532","5.698","0.6471","0.1081","0","0","ნებისმიერი,ნებისმიერ,ნებისმიერს,ნებისმიერმა,ნებისმიერის,ნებისმიერთან,ნებისმერ,ნებისმიერზე"
"284","ოჯახი","ojakhi","noun","family","5.613","481.80","348.78","5.683","5.543","0.5294","0.0613","0","0","ოჯახის,ოჯახი,ოჯახში,ოჯახს,ოჯახები,ოჯახმა,ოჯახებში,ოჯახთან"
"285","ბოდიში","bodishi","interj","apology, excuse","5.613","1144.04","146.75","6.058","5.167","0.6765","0.0366","0","0","ბოდიში,ბოდიშით,ბოდიშიც,ბოდიშიო,ბოდიშ,ბოდიშს,ბოდიშის,ბოდიშები"
"286","სამყარო","samq'aro","noun","world, universe","5.610","478.08","347.50","5.679","5.541","0.5882","0.0472","0","0","სამყაროს,სამყაროში,სამყარო,სამყაროზე,სამყაროა,სამყაროდან,სამყარომ,სამყაროსთან"
"287","თვითონ","tviton","pron","oneself, himself, herself, itself","5.608","310.66","530.09","5.492","5.724","0.5441","0.1257","0","0","თვითონ,თვითონაც,თითონ,თვიტონ,თვითონაა,თითონაც,ტვიტონ,თვითნ"
"288","მიწევს","mitsevs","verb","to have to, to be obliged","5.608","385.07","427.61","5.586","5.631","0.5441","0.1027","0","0","მოგიწევს,მიწევს,მომიწევს,მომიწია,უწევს,გიწევს,მოუწევს,მოგიწევთ"
"289","შეცდომა","shets'doma","verb","mistake, error, fault","5.608","433.43","379.40","5.637","5.579","0.4559","0.0563","0","0","ვცდები,ცდები,ცდება,ცდებით,შევცდი,ვცდებოდე,შეცდა,ვცდებოდი"
"290","დარეკვა","darek'va","verb","to call, to ring","5.607","597.13","274.17","5.776","5.438","0.6029","0.0564","0","0","დავრეკე,დარეკე,დარეკეთ,დავურეკე,დაურეკე,დარეკვა,რეკავს,ვრეკავ"
"291","შექმნა","shekmna","verb","to create, to establish","5.607","295.78","552.46","5.471","5.742","0.4706","0.0963","0","0","შექმნა,შეიქმნა,შექმნას,შეიქმნას,შექმნეს,შესაქმნელად,შევქმნათ,შევქმენი"
"292","ჩვენება","chveneba","verb","showing, testimony, display","5.605","507.84","319.82","5.706","5.505","0.7206","0.0707","0","0","აჩვენებს,აჩვენა,მიჩვენებს,აჩვენებენ,აჩვენეს,გვიჩვენებს,მაჩვენე,აჩვენებდა"
"293","მოკლედ","mok'led","adv","briefly","5.604","150.68","1070.91","5.178","6.030","0.3676","0.2280","0","0","მოკლედ,მოკლეთ,მოკელდ,მიკლედ,მოკლდე,მოკლეედ,მოკედ"
"294","სიმღერა","simghera","noun","song, singing","5.603","422.27","381.23","5.626","5.581","0.3971","0.0360","0","0","სიმღერა,სიმღერები,სიმღერას,სიმღერის,სიმღერაა,სიმღერებს,სიმღერით,სიმღერების"
"295","მიხვედრა","mikhvedra","verb","to realize, to understand, realization","5.601","373.90","426.70","5.573","5.630","0.5441","0.1063","0","0","მივხვდი,მიხვდები,მიხვდება,მიხვდი,მიხვდა,მიხვდებით,მიხვდით,მიხვდე"
"296","ჯობნა","jobna","verb","to excel, to surpass, to be better","5.600","173.00","914.72","5.238","5.961","0.3382","0.1841","0","0","ჯობია,სჯობს,ჯობს,ჯობდა,აჯობებს,სჯობია,აჯობა,აჯობებდა"
"297","ხვალ","khval","adv","tomorrow","5.597","641.78","243.74","5.807","5.387","0.6618","0.0597","0","0","ხვალ,ხვალე,ხვალიდან,ხვალამდე,ხვალისთვის,ხვალვე,ხვალაც,ხვალის"
"298","ხვედრა","khvedra","verb","to fall to one's lot, to be destined","5.597","422.27","370.23","5.626","5.568","0.4706","0.0913","0","0","ვხვდები,ხვდება,ხვდები,გვხვდება,ხვდებიან,მხვდება,ხვდებით,ვხვდებით"
"299","მეშინია","meshinia","verb","to be afraid, to fear","5.595","727.35","213.12","5.862","5.329","0.7500","0.0440","0","0","მეშინია,გეშინია,ეშინია,შემეშინდა,მეშინოდა,ეშინიათ,გეშინიათ,გვეშინია"
"300","გაჩერება","gachereba","verb","to stop, to halt, to park","5.594","771.99","199.55","5.888","5.300","0.6324","0.0415","0","0","გაჩერება,გაჩერდი,ჩერდება,გაჩერდება,გაჩერდა,გააჩერა,აჩერებს,გააჩერე"
"301","ტელეფონი","t'eleponi","noun","telephone, phone","5.593","399.95","384.35","5.602","5.585","0.4412","0.0613","0","0","ტელეფონი,ტელეფონის,ტელ,ტელეფონზე,ტელეფონს,ტელეფონით,ტელეფონში,ტელეფონები"
"302","დგომა","dgoma","verb","to stand","5.593","366.46","418.45","5.564","5.622","0.6324","0.0918","0","0","დგას,იდგა,დგება,დგანან,დგომა,ვდგავარ,დგახარ,უდგას"
"303","რაღაცა","raghatsa","pron","something, anything","5.593","258.57","592.24","5.413","5.772","0.4559","0.1404","0","0","რაღაცა,რაღაცას,რაღაცეები,რაღაცები,რაღაცაა,რაღაცეების,რაღაცაზე,რაღაცაში"
"304","დაყენება","daq'eneba","verb","to set, to install, to place","5.589","254.85","590.23","5.406","5.771","0.5000","0.0979","0","0","დავაყენე,დაყენება,დააყენე,დავაყენო,დააყენო,ვაყენებ,აყენებს,დააყენებ"
"305","მიზეზი","mizezi","noun","reason, cause","5.584","344.14","428.71","5.537","5.632","0.5294","0.0828","0","0","მიზეზი,მიზეზის,მიზეზით,მიზეზების,მიზეზები,მიზეზია,მიზეზს,მიზეზად"
"306","დონე","done","noun","level","5.583","254.85","575.01","5.406","5.760","0.1765","0.1134","0","0","დონეზე,დონის,დონე,დონეს,დონეა,დონემდე,დონეზეა,დონეზეც"
"307","დანახვა","danakhva","verb","to see, to perceive","5.582","619.45","235.85","5.792","5.373","0.7206","0.0548","0","0","დავინახე,დანახვა,დაინახა,დაინახავ,დაინახავს,დაინახე,დაინახო,დანახვაზე"
"308","წესი","ts'esi","noun","rule, custom, order","5.576","225.09","629.83","5.352","5.799","0.5000","0.1313","0","0","წესით,წესი,წესები,წესებს,წესების,წესია,წესის,წესებით"
"309","სამსახური","samsakhuri","noun","service, job, employment","5.568","411.11","332.28","5.614","5.522","0.5588","0.0651","0","0","სამსახურში,სამსახური,სამსახურის,სამსახურს,სამსახურიდან,სამსახურები,სამსახურებში,სამსახურმა"
"310","მქვია","mqvia","verb","to be named, to be called","5.567","310.66","438.80","5.492","5.642","0.4412","0.1068","0","0","ქვია,ჰქვია,ერქვა,მქვია,ერქვას,გქვია,ერქმევა,ქვიათ"
"311","გარდა","garda","other","except, besides, apart from","5.566","239.97","563.83","5.380","5.751","0.4853","0.1287","0","0","გარდა,გარდაც"
"312","აღმოჩენა","aghmochena","verb","to discover, to find out","5.565","385.07","350.80","5.586","5.545","0.6029","0.0713","0","0","აღმოჩნდა,აღმოვაჩინე,აღმოჩნდეს,აღმოაჩინეს,აღმოჩნდება,აღმოაჩინა,აღმოაჩნდა,აღმოვჩნდი"
"313","გუნდი","gundi","noun","team, group","5.564","206.48","650.72","5.315","5.813","0.2500","0.0526","0","0","გუნდი,გუნდის,გუნდს,გუნდში,გუნდები,გუნდია,გუნდმა,გუნდების"
"314","საინტერესო","saint'ereso","adj","interesting","5.564","191.60","701.14","5.282","5.846","0.4118","0.1412","0","0","საინტერესო,საინტერესოა,საინტერესოს,საინტერსო,საიტერესო,საინტერსოა,საინტერესოც,საინტერესოები"
"315","ენა","ena","noun","tongue, language","5.563","258.57","516.53","5.413","5.713","0.4559","0.0757","0","0","ენა,ენაზე,ენის,ენას,ენით,ენების,ენაში,ენები"
"316","როგორი","rogori","pron","what kind of, what sort of, how","5.558","396.23","328.98","5.598","5.517","0.5000","0.0681","0","0","როგორი,როგორსაც,როგორები,როგორს,როგორშიც,როგორზეც,როგორითაც,როგორია"
"317","ყურადღება","q'uradagheba","noun","attention, care","5.556","463.20","279.30","5.666","5.446","0.6324","0.0674","0","0","ყურადღება,ყურადღებას,ყურადღების,ყურადღებით,ყურადღებისთვის,ყურადრება,ყურადღებისათვის,ყურადღებაც"
"318","დავიწყება","davits'q'eba","verb","to forget","5.555","593.41","216.79","5.773","5.336","0.6471","0.0580","0","0","დამავიწყდა,დაივიწყე,დაგავიწყდეთ,დაგავიწყდეს,დაგვავიწყდეს,დაავიწყდა,დაგავიწყდა,დაივიწყო"
"319","ლარი","lari","noun","Lari (Georgian currency)","5.548","87.43","1429.32","4.942","6.155","0.0735","0.1498","0","0","ლარი,ლარად,ლარს,ლარის,ლარამდე,ლარზე,ლარში,ლარით"
"320","წიგნი","ts'igni","noun","book","5.547","306.94","403.78","5.487","5.606","0.4118","0.0520","0","0","წიგნი,წიგნის,წიგნები,წიგნს,წიგნში,წიგნების,წიგნებს,წიგნია"
"321","სკოლა","sk'ola","noun","school","5.544","314.38","390.40","5.497","5.592","0.3382","0.0517","0","0","სკოლაში,სკოლის,სკოლა,სკოლებში,სკოლას,სკოლები,სკოლიდან,სკოლების"
"322","სმა","sma","verb","to drink, drinking","5.544","355.30","344.02","5.551","5.537","0.5588","0.0581","0","0","ვსვამ,ვსვავ,სვამს,სმა,სვამ,ვსვამდი,სვამენ,ვსვავდი"
"323","მსგავსი","msgavsi","adj","similar, alike","5.540","195.32","615.71","5.291","5.789","0.4118","0.1440","0","0","მსგავსი,მსგავს,მსგავსია,მსგავსს,მზგავსი,მსგავსები,მსგავსის,მსგავი"
"324","ძლიერი","dzlieri","adj","strong, powerful","5.540","303.22","396.45","5.482","5.598","0.5735","0.0806","0","0","ძლიერი,ძლიერ,უძლიერესი,ძლიერია,უძლიერესია,ძლიერები,ძლიერს,ძლიერმა"
"325","რიგი","rigi","noun","row, line, order, turn","5.538","370.18","321.83","5.568","5.508","0.5294","0.0752","0","0","რიგში,რიგი,რიგით,რიგზეა,რიგ,რიგის,რიგებში,რიგზე"
"326","საკმარისი","sak'marisi","adj","enough, sufficient","5.537","604.57","196.44","5.781","5.293","0.7206","0.0500","0","0","საკმარისი,საკმარისია,საკმარისზე,საკმარის"
"327","წაკითხვა","ts'ak'itkhva","verb","to read","5.536","266.01","444.48","5.425","5.648","0.5147","0.1004","0","0","წავიკითხე,წაიკითხე,წაკითხვა,წამიკითხავს,წაიკითხეთ,წაიკითხო,წაიკითხავს,წაიკითხავ"
"328","ტიპი","t'ip'i","noun","type, kind","5.536","187.88","628.91","5.274","5.799","0.3088","0.1213","0","0","ტიპი,ტიპის,ტიპები,ტიპს,ტიპმა,ტიპია,ტიპებს,ტიპებმა"
"329","მაგალითად","magalitad","adv","for example, for instance","5.536","150.68","783.27","5.178","5.894","0.4118","0.1512","0","0","მაგალითად,მაგალიტად,მაგალითან,მაგალითდ,მაგალთად,მგალითად,მაგლითად,მაგალითათ"
"330","გადახდა","gadakhda","verb","payment","5.532","329.26","351.72","5.518","5.546","0.4706","0.0620","0","0","გადახდა,გადავიხადე,გადავიხდი,გადაიხადო,გადაიხდი,გადაიხდის,გადავიხადო,გადაიხადოს"
"331","მსურს","msurs","verb","to want, to wish","5.531","842.68","136.67","5.926","5.136","0.7353","0.0359","0","0","სურს,გსურთ,მსურს,გსურს,სურთ,სურდა,გვსურს,სურდათ"
"332","მჯერა","mjera","verb","to believe","5.529","582.25","196.25","5.765","5.293","0.7059","0.0462","0","0","მჯერა,გჯერა,გჯერათ,სჯერა,მჯეროდა,ჯერა,გვჯერა,სჯერათ"
"333","სწორედ","sts'ored","adv","exactly","5.523","318.10","348.97","5.503","5.543","0.4412","0.0687","0","0","სწორედ,სწორედაც,სწორეთ"
"334","იდეა","idea","noun","idea","5.521","329.26","334.85","5.518","5.525","0.5735","0.0673","0","0","იდეა,იდეაში,იდეაა,იდეები,იდეას,იდეის,იდეების,იდეებს"
"335","ძალა","dzala","noun","force, power, strength","5.516","359.02","299.83","5.555","5.477","0.5735","0.0630","0","0","ძალა,ძალით,ძალას,ძალის,ძალები,ძალების,ძალებით,ძალებს"
"336","საყვარელი","saq'vareli","adj","beloved, favorite, lovely","5.516","563.65","190.75","5.751","5.280","0.6765","0.0471","0","0","საყვარელი,საყვარელ,უსაყვარლესი,საყვარელო,საყვარელია,საყვარლები,საყვარელმა,უსაყვარლესია"
"337","მნიშვნელოვანი","mnishvnelovani","adj","important, significant","5.516","347.86","309.00","5.541","5.490","0.5588","0.0606","0","0","მნიშვნელოვანი,მნიშვნელოვანია,მნიშვნელოვან,უმნიშვნელოვანესი,უმნიშვლოვანესი,უმნიშვნელოვანესია,უმნიშვნელოვანეს,მნიშვნელოვანს"
"338","დაჯდომა","dajdoma","verb","to sit down, to land","5.514","388.79","274.90","5.590","5.439","0.5294","0.0633","0","0","დაჯდება,დაჯდა,დაჯდეს,დაჯექი,დამიჯდა,დაგიჯდება,დამიჯდება,დავჯექი"
"339","გადაწყვეტა","gadats'q'vet'a","verb","to decide, to solve, to resolve","5.514","459.48","232.19","5.662","5.366","0.6324","0.0627","0","0","გადავწყვიტე,გადაწყვიტა,გადაწყვიტეს,გადაწყვეტს,გადაწყვიტე,გადავწყვიტეთ,გადაწყდა,გადაწყვიტოს"
"340","სისტემა","sist'ema","noun","system","5.513","180.44","589.31","5.256","5.770","0.2353","0.0858","0","0","სისტემა,სისტემის,სისტემას,სისტემაში,სისტემაზე,სისტემები,სისტემაა,სისტემით"
"341","არასდროს","arasdros","adv","never","5.509","489.24","212.57","5.690","5.328","0.5882","0.0565","0","0","არასდროს,არასდოს,არასდროსაა"
"342","არჩევა","archeva","verb","to choose, to elect, to select","5.509","325.54","319.45","5.513","5.504","0.5588","0.0717","0","0","არჩევა,აირჩიე,ირჩევს,აირჩიო,ვარჩევ,ირჩევ,ავირჩიე,აირჩიეთ"
"343","ღირს","ghirs","verb","to cost, to be worth","5.508","173.00","598.66","5.238","5.777","0.4118","0.1155","0","0","ღირს,ღირდა,ეღირება,ღირდეს,ღიირს,ღირსო,არღირს"
"344","ნომერი","nomeri","noun","number, room","5.507","258.57","399.20","5.413","5.601","0.4265","0.0668","0","0","ნომერი,ნომერს,ნომერზე,ნომრები,ნომრის,ნომერ,ნომერში,ნომრით"
"345","სიყვარული","siq'varuli","noun","love","5.506","712.47","144.37","5.853","5.159","0.5735","0.0284","0","0","სიყვარული,სიყვარულის,სიყვარულით,სიყვარულს,სიყვარულია,სიყვარულზე,სიყვარულში,სიყვარულმა"
"346","რთული","rt'uli","adj","difficult, complex, hard","5.504","329.26","309.18","5.518","5.490","0.5441","0.0707","0","0","რთული,რთულია,რთულ,ურთულესი,ურთულეს,რთ,ურთულესია,რთულიც"
"347","მომავალი","momavali","noun","future, next","5.502","332.98","303.32","5.522","5.482","0.4118","0.0449","0","0","მომავალში,მომავლის,მომავალზე,მომავალშიც,მომავალს,მომავლისთვის,მომავალმა,მომავლიდან"
"348","თითქოს","titqos","particle","as if, as though","5.502","377.63","267.38","5.577","5.427","0.5000","0.0597","0","0","თითქოს,თიტქოს,თითქის"
"349","სწორი","sts'ori","adj","correct, right, straight","5.501","303.22","331.18","5.482","5.520","0.5441","0.0719","0","0","სწორი,სწორია,სწორ,სწორს,სწორზე,სწორე,სწორეა,სწორიც"
"350","როდის","rodis","adv","when","5.501","340.42","294.88","5.532","5.470","0.6029","0.0781","0","0","როდის,როდისაა"
"351","მილოცვა","milotsva","verb","to congratulate, to wish","5.500","295.78","337.42","5.471","5.528","0.3971","0.0503","0","0","გილოცავთ,გილოცავ,ვულოცავ,მომილოცავს,მივულოცოთ,მომილოცეთ,მილოცვა,მოგილოცავ"
"352","ტარება","t'areba","verb","to carry, to wear, to conduct","5.499","377.63","263.90","5.577","5.421","0.4706","0.0606","0","0","ტარდება,ატარებს,ტარება,ატარებენ,ვატარებ,ატარებდა,ტარების,ატარებ"
"353","იანი","iani","adj","-s (decade suffix), one (suffix)","5.498","239.97","413.50","5.380","5.616","0.1029","0.0616","0","0","იანი,იან,იანზე,იანებში,იანების,იანს,იანები,იანია"
"354","სიცოცხლე","sitsotskhle","noun","life","5.498","452.03","218.80","5.655","5.340","0.5735","0.0364","0","0","სიცოცხლე,სიცოცხლის,სიცოცხლეს,სიცოცხლისთვის,სიცოცხლეში,სიცოცხლით,სიცოცხლეა,სიცოცხლეზე"
"355","ახალგაზრდა","akhalgazrda","adj","young","5.494","548.77","177.19","5.739","5.248","0.6324","0.0318","0","0","ახალგაზრდა,ახალგაზრდაა,ახალგაზრდავ,რდა,ახლაგაზრდა,ახალგაზრდები,ახალგაზრდებს,ახალგაზრდას"
"356","ომი","omi","noun","war","5.494","541.32","179.57","5.733","5.254","0.4118","0.0304","0","0","ომი,ომის,ომში,ომს,ომები,ომამდე,ომია,ომზე"
"357","გარკვევა","gark'veva","verb","to clarify, to ascertain, to find out","5.491","273.45","350.98","5.437","5.545","0.5147","0.0863","0","0","ვერკვევი,გავარკვიე,ერკვევით,ერკვევა,გაირკვა,ერკვევი,გავერკვიე,გაარკვიე"
"358","თითქმის","titkmis","adv","almost, nearly","5.490","262.29","364.92","5.419","5.562","0.4265","0.0923","0","0","თითქმის,თიტქმის,თითმის,ტითქმის"
"359","აქედან","akedan","adv","from here, hence","5.490","440.87","216.97","5.644","5.336","0.6029","0.0611","0","0","აქედან,აქიდან,აქედანაც,აქედანო,აქდან"
"360","დალევა","daleva","verb","to drink, to finish drinking","5.489","340.42","278.93","5.532","5.446","0.5735","0.0456","0","0","დალევა,დავლიე,დალიე,დალიო,დავლიო,დალიეთ,დამილევია,დალევ"
"361","გავლა","gavla","verb","to pass, to go through, to traverse","5.487","280.89","334.67","5.449","5.525","0.5294","0.0674","0","0","გაივლის,გავიარე,გაიარა,გაიარე,გამიარა,გაივლი,გაიარო,გავლის"
"362","ჩამოსვლა","chamosvla","verb","to arrive, to come down","5.486","414.83","226.32","5.618","5.355","0.7059","0.0525","0","0","ჩამოვიდა,ჩამოდის,ჩამოვა,ჩამოვედი,ჩამოვალ,ჩამოსვლა,ჩამოვიდეს,ჩამოდი"
"363","ჯგუფი","jgupi","noun","group","5.486","165.56","565.66","5.219","5.753","0.3088","0.0678","0","0","ჯგუფი,ჯგუფის,ჯგუფში,ჯგუფია,ჯგუფს,ჯგუფები,ჯგუფმა,ჯგუფებში"
"364","მიუხედავად","miukhedavad","adv","despite, regardless of","5.485","396.23","236.04","5.598","5.373","0.5294","0.0589","0","0","მიუხედავად,მიუხედავათ,მოუხედავად,მიუხედავდ,მიხედავად"
"365","ინფორმაცია","inpormatsia","noun","information","5.485","150.68","618.46","5.178","5.791","0.3235","0.1172","0","0","ინფორმაცია,ინფორმაციას,ინფორმაციის,ინფორმაციისთვის,ინფორმაციით,ინფორმაციაა,ინფორმაციები,ინფორმაციისათვის"
"366","ჯანდაბა","jandaba","interj","hell, damn","5.484","1255.65","73.97","6.099","4.869","0.5147","0.0176","0","0","ჯანდაბა,ჯანდაბას,ჯანდაბაა,ჯანდაბად,ჯანდაბაში,ჯანდაბაზე,ჯანდაბაშია"
"367","პირი","p'iri","noun","person, face, mouth","5.481","284.61","322.02","5.454","5.508","0.5588","0.0636","0","0","პირი,პირის,პირში,პირს,პირები,პირას,პირებს,პირზე"
"368","თორემ","torem","conj","otherwise, or else","5.478","132.08","685.74","5.121","5.836","0.2941","0.1586","0","0","თორე,თორემ,რე,ტორე,თო,თვარა,ტორემ,თირე"
"369","მანდ","mand","adv","there (near you)","5.478","120.91","748.62","5.082","5.874","0.1912","0.1487","0","0","მანდ,მანდაც,მანდაა,მად,მანდა,მანდო"
"370","კარი","k'ari","noun","door, gate","5.476","515.28","174.07","5.712","5.241","0.5588","0.0324","0","0","კარი,კარის,კარში,კარები,კარს,კარებს,კართან,კარების"
"371","დაახლოებით","daakhloebit","adv","approximately, about","5.475","199.04","448.51","5.299","5.652","0.3971","0.1037","0","0","დაახლოებით,დაახლოვებით,დაახლ,დაახ,დაახლოებიტ,დახლოებით,დააახლოებით,დაახლობით"
"372","სამუშაო","samushao","noun","work, job","5.475","355.30","251.07","5.551","5.400","0.4853","0.0489","0","0","სამუშაო,სამუშაოს,სამუშაოები,სამუშაოდ,სამუშაოების,სამუშაოზე,სამუშაოებს,სამუშაოა"
"373","ერთადერთი","ertaderti","adj","only, sole, unique","5.473","385.07","229.80","5.586","5.361","0.6176","0.0628","0","0","ერთადერთი,ერთადერთ,ერთადერთია,ერტადერთი,ერთად-ერთი,ერთადერთს,ერთადერთმა,ერთდერთი"
"374","ფასი","pasi","noun","price, cost, value","5.473","102.31","861.55","5.010","5.935","0.2941","0.1178","0","0","ფასი,ფასები,ფასად,ფასში,ფასს,ფასის,ფასებს,ფასიც"
"375","დარწმუნებული","darts'munebuli","adj","convinced, sure, confident","5.471","585.97","149.32","5.768","5.174","0.7647","0.0427","0","0","დარწმუნებული,დარწმუნებულია,დარწმუნებულები,დარმწუნებული,დარწმუნებულიც,დარწმუნებულივარ"
"376","მოთხოვნა","motkhovna","verb","demand, request, requirement","5.469","243.69","356.12","5.387","5.552","0.3676","0.0513","0","0","მოითხოვს,მოვითხოვ,მომთხოვა,მოითხოვა,მოგთხოვს,მოითხოვოს,მოითხოვენ,მოეთხოვება"
"377","ნამდვილი","namdvili","adj","real, true, genuine","5.468","388.79","222.10","5.590","5.347","0.5294","0.0503","0","0","ნამდვილი,ნამდვილ,ნამდვილია,ნამდვილმა,ნამდვილს"
"378","მოტანა","mot'ana","verb","to bring, to fetch","5.467","433.43","198.64","5.637","5.298","0.7059","0.0518","0","0","მოაქვს,მოიტანა,მოიტანე,მოაქვთ,მოიტანს,მოუტანა,მოუტანს,მოაქ"
"379","მაღაზია","maghazia","noun","shop, store","5.466","366.46","233.84","5.564","5.369","0.3529","0.0441","0","0","მაღაზიაში,მაღაზია,მაღაზიებში,მაღაზიის,მაღაზიები,მაღაზიას,მაღაზიაა,მაღაზიების"
"380","შანსი","shansi","noun","chance, opportunity","5.464","292.05","290.67","5.465","5.463","0.4559","0.0694","0","0","შანსი,შანსია,შანსები,შანსს,შანსიც,შანს,შანსებს,შანსის"
"381","ცოცხალი","tsotskhali","adj","living, alive, live","5.464","433.43","195.70","5.637","5.292","0.6471","0.0401","0","0","ცოცხალი,ცოცხალ,ცოცხალია,ცოცხლები,ცოცხალს,ცოცხალზე,ცოცხალიც,ცოცხალში"
"382","სწავლება","sts'avleba","verb","teaching, instruction, training","5.463","228.81","368.95","5.359","5.567","0.4265","0.0668","0","0","ასწავლიან,ასწავლის,ისწავლება,მასწავლეთ,გასწავლი,გასწავლიან,გასწავლის,მასწავლე"
"383","დანარჩენი","danarcheni","pron","the rest, the remainder","5.462","202.76","413.50","5.307","5.616","0.4559","0.0916","0","0","დანარჩენი,დანარჩენს,დანარჩენები,დანარჩენებს,დანარჩენზე,დანარჩენის,დანარჩენებიც,დანარჩენში"
"384","დასრულება","dasruleba","verb","to finish, to complete, to end","5.461","604.57","138.14","5.781","5.140","0.6618","0.0320","0","0","დასრულდა,დასრულდება,დასრულების,დაასრულა,დასრულება,დასრულდეს,დავასრულე,დასრულებამდე"
"385","შემოსვლა","shemosvla","verb","to enter, to come in, to arrive","5.457","251.13","326.78","5.400","5.514","0.4853","0.0835","0","0","შემოდის,შემოვიდა,შემოვა,შემოვედი,შემოდით,შემოვლენ,შემოსვლა,შემოვიდეს"
"386","არასოდეს","arasodes","adv","never","5.456","582.25","140.34","5.765","5.147","0.6618","0.0387","0","0","არასოდეს,არასოდესაა"
"387","ვერაფერი","veraperi","pron","nothing","5.455","195.32","416.43","5.291","5.620","0.3382","0.1101","0","0","ვერაფერს,ვერაფერი,ვერაფრით,ვერაფერში,ვერაფერ,ვერაფერზე,ვერაფრის,ვერაფერმა"
"388","ცოლი","tsoli","noun","wife","5.455","519.00","156.47","5.715","5.194","0.6176","0.0338","0","0","ცოლი,ცოლად,ცოლს,ცოლის,ცოლმა,ცოლთან,ცოლები,ცოლიც"
"389","თავიდან","tavidan","adv","from the beginning, anew, again","5.453","228.81","352.08","5.359","5.547","0.4265","0.0912","0","0","თავიდან,ტავიდან,ვიდან,თავიდანაც,თავიდა"
"390","იარაღი","iaraghi","noun","weapon, arm, tool","5.450","600.85","131.90","5.779","5.120","0.4706","0.0174","0","0","იარაღი,იარაღის,იარაღს,იარაღით,იარაღები,იარაღია,იარაღების,იარაღზე"
"391","სისხლი","siskhli","noun","blood","5.449","306.94","257.85","5.487","5.411","0.4706","0.0402","0","0","სისხლის,სისხლი,სისხლში,სისხლს,სისხლით,სისხლიც,სისხლიდან,სისხლია"
"392","შესრულება","shesruleba","verb","to perform, to fulfill, to execute","5.445","303.22","255.83","5.482","5.408","0.5441","0.0504","0","0","ასრულებს,შესრულება,სრულდება,ასრულებენ,შესრულების,შეასრულა,შეასრულებს,შესასრულებლად"
"393","ქცევა","kts'eva","verb","to behave, to act","5.445","292.05","265.18","5.465","5.424","0.5294","0.0523","0","0","იქცევა,იქცა,აქცევს,ქცევის,ექცევა,იქცევიან,იქცეს,აქცევენ"
"394","სურათი","surati","noun","picture, photo, image","5.444","169.28","456.21","5.229","5.659","0.2647","0.0842","0","0","სურათი,სურათები,სურათზე,სურათს,სურათებს,სურათის,სურათების,სურათში"
"395","გამოჩენა","gamochena","verb","to appear, to show up, to emerge","5.444","247.41","311.93","5.393","5.494","0.4853","0.0778","0","0","გამოჩნდა,გამოჩნდება,გამოჩნდეს,ჩანდეს,გამოჩენა,სჩანს,იჩენს,ჩანხარ"
"396","ფორმა","porma","noun","form, shape","5.436","195.32","381.96","5.291","5.582","0.3235","0.0729","0","0","ფორმა,ფორმის,ფორმაში,ფორმით,ფორმას,ფორმები,ფორმაა,ფორმებში"
"397","საღამო","saghamo","noun","evening","5.436","452.03","164.90","5.655","5.217","0.5147","0.0425","0","0","საღამოს,საღამო,საღამომდე,საღამოსკენ,საგამოს,საღამოა,საღამოები,საღამოზე"
"398","გასაგები","gasagebi","adj","understandable, clear, intelligible","5.436","340.42","218.44","5.532","5.339","0.4265","0.0616","0","0","გასაგებია,გასაგები,გასაგებ,გასაგებიცაა"
"399","ეგრე","egre","adv","that way, so, thus","5.434","98.59","746.97","4.994","5.873","0.1324","0.1631","0","0","ეგრე,ეგრეა,ეგრეც,ეგრი,აგრე,ეგრა,ეგრეო,ენგრე"
"400","თავად","t'avad","pron","himself, herself, itself, themselves","5.433","258.57","284.25","5.413","5.454","0.4559","0.0642","0","0","თავად,თავადაც,ტავად,თავადვე,თავადაა"
"401","გადაცემა","gadatsema","noun","broadcast, transmission, transfer","5.432","210.21","347.50","5.323","5.541","0.3824","0.0313","0","0","გადაცემა,გადაცემის,გადაცემას,გადაცემები,გადაცემაში,გადაცემაა,გადაცემებს,გადაცემების"
"402","ოთახი","otakhi","noun","room","5.431","511.56","142.54","5.709","5.154","0.6765","0.0275","0","0","ოთახში,ოთახი,ოთახის,ოთახიდან,ოთახს,ოთახები,ოთახებში,ოთახია"
"403","ხდა","khda","verb","to happen, to occur, to take place","5.430","262.29","276.55","5.419","5.442","0.5000","0.0606","0","0","იხდის,ვიხდი,იხდი,იხდიან,გიხდით,ხდის,უხდიან,უხდის"
"404","საკითხი","sak'itkhi","noun","issue, question, matter","5.429","184.16","390.95","5.265","5.592","0.4265","0.0853","0","0","საკითხი,საკითხზე,საკითხია,საკითხში,საკითხს,საკითხები,საკითხის,საკითხებზე"
"405","წარმატება","ts'armat'eba","noun","success, achievement","5.426","191.60","371.15","5.282","5.570","0.4118","0.0765","0","0","წარმატებები,წარმატებებს,წარმატებას,წარმატება,წარმატების,წარმატებების,წარმატებაა,წარმატებაზე"
"406","ხშირად","khshirad","adv","often, frequently","5.425","146.96","482.80","5.167","5.684","0.4265","0.0987","0","0","ხშირად,ხშირადაა,ხშირათ,ხშირადაც,ხსირად"
"407","მიერ","mier","other","by (agent)","5.424","184.16","382.88","5.265","5.583","0.4853","0.0724","0","0","მიერ,მიერაა,მიერვე"
"408","ტვინი","t'vini","noun","brain","5.421","184.16","376.65","5.265","5.576","0.2353","0.0682","0","0","ტვინი,ტვინის,ტვინს,ტვინში,ტვინზე,ტვინიც,ტვინით,ტვინმა"
"409","წინა","ts'ina","adj","previous, front, prior","5.419","169.28","407.26","5.229","5.610","0.3382","0.0888","0","0","წინა,წინაზე,წინას,წინაზეც,წინასთან,წინები"
"410","კომპანია","k'omp'ania","noun","company","5.419","158.12","435.50","5.199","5.639","0.2500","0.0573","0","0","კომპანია,კომპანიის,კომპანიას,კომპანიები,კომპანიაში,კომპანიამ,კომპანიების,კომპანიაა"
"411","ბრალი","brali","noun","fault, guilt, charge","5.419","213.93","321.65","5.330","5.507","0.4265","0.0714","0","0","ბრალია,ბრალი,ბრალიაო,ბრალიც,ბრალს,ბრალიცაა,ბრალის,ბრალად"
"412","რამდენად","ramdenad","adv","how much, to what extent, how","5.418","213.93","320.92","5.330","5.506","0.4118","0.0840","0","0","რამდენად,რამდენადაა,რამდენათ,რამდენა"
"413","სიმართლე","simartle","noun","truth, justice","5.418","437.15","156.65","5.641","5.195","0.6029","0.0402","0","0","სიმართლე,სიმართლეს,სიმართლის,სიმართლეა,სიმართლესთან,სიმართლეში,სიმართლისგან,სიმართლისთვის"
"414","აუცილებელი","autsilebeli","adj","necessary, essential, urgent","5.417","262.29","260.42","5.419","5.416","0.4118","0.0613","0","0","აუცილებელია,აუცილებელი,აუცილებელ,აუცილებელიც,აუცილებელზე,აუცილებელიცაა,აუცილებელიაო"
"415","მიღწევა","mights'eva","verb","to achieve, to reach, to attain","5.417","273.45","249.60","5.437","5.397","0.4412","0.0467","0","0","მიაღწია,აღწევს,მიაღწევს,მისაღწევად,მიაღწევ,მივაღწიე,მიაღწიო,მიაღწიოს"
"416","სწრაფად","sts'rapad","adv","quickly, rapidly, fast","5.417","492.96","138.14","5.693","5.140","0.6029","0.0329","0","0","სწრაფად,სწრაფადაც,სრაფად,სწარაფად"
"417","მოყოლა","moq'ola","verb","to tell, to narrate","5.415","236.25","286.63","5.373","5.457","0.4412","0.0707","0","0","მოყვება,მოყვა,მოჰყვა,მოჰყვება,ყვება,მოყევი,მოყვეს,მოგიყვებით"
"418","ახსნა","akhsna","verb","explanation, clarification","5.415","202.76","333.75","5.307","5.523","0.4412","0.0797","0","0","ახსნა,ამიხსენით,ამიხსნათ,ახსნას,აგიხსნი,ამიხსენი,ამიხსნა,აგიხსნით"
"419","მარტივი","mart'ivi","adj","simple, easy","5.415","239.97","281.13","5.380","5.449","0.4412","0.0671","0","0","მარტივი,მარტივია,მარტივ,უმარტივესი,უმარტივესია,მარტივს,უმარტივეს,მარტივის"
"420","მუსიკა","musik'a","noun","music","5.412","221.37","300.75","5.345","5.478","0.2794","0.0407","0","0","მუსიკა,მუსიკის,მუსიკას,მუსიკაში,მუსიკაა,მუსიკით,მუსიკაზე,მუსიკაც"
"421","შავი","shavi","adj","black","5.410","262.29","251.80","5.419","5.401","0.4118","0.0490","0","0","შავი,შავ,შავია,შავმა,შავს,შავები,შავზე,შავებში"
"422","ნორმალური","normaluri","adj","normal, regular","5.410","150.68","438.06","5.178","5.642","0.3235","0.0992","0","0","ნორმალური,ნორმალურ,ნორმალურია,ნორმალურს,ნორმალურმა,ნორმალურები,ნორმალურზე,ნორმალურიც"
"423","ნახევარი","nakhevari","noun","half","5.410","247.41","266.65","5.393","5.426","0.4265","0.0557","0","0","ნახევარი,ნახევარზე,ნახევარში,ნახევარს,ნახევრის,ნახევარია,ნახევარიც,ნახევრამდე"
"424","ნება","neba","noun","will, permission, consent","5.410","812.92","81.12","5.910","4.909","0.7353","0.0189","0","0","ნება,ნებით,ნებას,ნების,ნებაა,ნებაზე,ნებისა,ნებაზეა"
"425","მაღალი","maghali","adj","high, tall","5.409","150.68","435.68","5.178","5.639","0.3529","0.0856","0","0","მაღალი,მაღალ,მაღალია,მაღალზე,მაღალს,მაღლები,მარალი,მაღალმა"
"426","სამწუხაროდ","samts'ukharod","adv","unfortunately, sadly","5.408","202.76","322.20","5.307","5.508","0.3382","0.0839","0","0","სამწუხაროდ,სამწუხაროთ,სამცუხაროდ,წუ"
"427","წამოსვლა","ts'amosvla","verb","to leave, to depart, to come from","5.405","448.31","144.00","5.652","5.158","0.4706","0.0357","0","0","წამოვიდა,წამოვა,წამო,წამოვედი,წამოდი,წამოვიდეს,წამოვალ,წამოდით"
"428","ფაქტი","pak't'i","noun","fact","5.404","202.76","316.88","5.307","5.501","0.3676","0.0656","0","0","ფაქტია,ფაქტი,ფაქტები,ფაქტს,ფაქტის,ფაქტების,ფაქტებს,ფაქტზე"
"429","დათანხმება","dat'ankhmeba","verb","to agree, to consent","5.403","210.21","304.05","5.323","5.483","0.4118","0.0698","0","0","გეთანხმები,ვეთანხმები,გეთანხმებით,დაგეთანხმები,დამეთანხმებით,დავეთანხმები,მეთანხმები,ეთანხმებით"
"430","სადმე","sadme","adv","somewhere, anywhere","5.401","184.16","344.02","5.265","5.537","0.3971","0.0956","0","0","სადმე,სადმეა"
"431","ჩართვა","chartva","verb","to include, to involve, to turn on","5.400","146.96","430.00","5.167","5.633","0.3088","0.0862","0","0","ირთვება,ჩართვა,ჩავრთე,ვრთავ,ჩაირთო,ჩართვის,ჩართე,ჩართო"
"432","პირდაპირ","p'irdap'ir","adv","directly, straight, frankly","5.397","202.76","307.53","5.307","5.488","0.4559","0.0793","0","0","პირდაპირ,პირდაპი,პირადაპირ,პირაპირ,პირადპირ"
"433","დაბადება","dabadeba","verb","to be born, to give birth","5.397","359.02","173.34","5.555","5.239","0.5294","0.0375","0","0","დაბადების,დაიბადა,იბადება,დაბადებიდან,დავიბადე,დაიბადება,დამებადა,დაიბადე"
"434","დაჯერება","dajereba","verb","to believe, to convince","5.396","232.53","266.83","5.366","5.426","0.4853","0.0720","0","0","დავიჯერო,დამიჯერე,დამიჯერეთ,დაიჯერო,დაუჯერო,დავიჯერებ,დაჯერება,დაიჯერებ"
"435","გუშინ","gushin","adv","yesterday","5.395","258.57","238.97","5.413","5.378","0.3824","0.0634","0","0","გუშინ,გუშინაც,გუშ,გუსინ,გუსჰინ"
"436","მნიშვნელობა","mnishvneloba","noun","meaning, importance, significance","5.395","217.65","283.70","5.338","5.453","0.5441","0.0713","0","0","მნიშვნელობა,მნიშვნელობით,მნიშვნელობას,მნიშვნელობის,მნიშვნელობაც,მნიშნველობა,მნიშვნელობები,მნიშვნელობაზე"
"437","დალოდება","dalodeba","verb","to wait, to await","5.395","790.59","78.01","5.898","4.892","0.7206","0.0223","0","0","დაველოდოთ,დაელოდე,დაველოდები,დაელოდეთ,დაველოდო,დაელოდო,დაველოდებით,დამელოდე"
"438","აუ","au","interj","oh, wow, ugh (expresses surprise or frustration)","5.392","120.91","503.33","5.082","5.702","0.1029","0.1110","0","0","აუ,აუუ,აუუუ,აუუუუ,აუუუუუუ,აუუუუუ,აუუუუუუუუუუ,აუუუუუუუუ"
"439","საშუალება","sashualeba","noun","means, opportunity, possibility","5.392","132.08","459.51","5.121","5.662","0.3235","0.0948","0","0","საშუალება,საშუალებას,საშუალებით,საშუალებები,საშუალებაა,საშუალების,საშვალება,საშუალებაც"
"440","მზად","mzad","adv","ready, prepared","5.391","652.94","92.86","5.815","4.968","0.7794","0.0242","0","0","მზად,მზადაა"
"441","მეფე","mepe","noun","king","5.390","463.20","129.89","5.666","5.114","0.2941","0.0156","0","0","მეფე,მეფის,მეფეს,მეფემ,მეფედ,მეფეო,მეფეა,მეფისა"
"442","მომენტი","moment'i","noun","moment","5.390","236.25","254.55","5.373","5.406","0.4118","0.0593","0","0","მომენტში,მომენტი,მომენტია,მომენტები,მომენტებში,მომენტს,მომენტისთვის,მომენტიდან"
"443","ზოგადად","zogadad","adv","generally, in general, broadly","5.388","165.56","359.97","5.219","5.556","0.2059","0.0871","0","0","ზოგადად,ზოგადათ,ზოგადადაც,ზოგადა"
"444","ძახილი","dzakhili","verb","shout, cry, exclamation","5.384","161.84","362.17","5.209","5.559","0.3235","0.0861","0","0","ეძახიან,იძახის,ვიძახი,იძახიან,იძახი,ეძახი,ვეძახი,ეძახის"
"445","გარეთ","garet","adv","outside, outdoors","5.384","355.30","164.90","5.551","5.217","0.6029","0.0407","0","0","გარეთ,გარეთაც,გარეთაა,გარეტ"
"446","ხაზი","khazi","noun","line, stripe, boundary","5.383","266.01","219.17","5.425","5.341","0.3824","0.0357","0","0","ხაზი,ხაზზე,ხაზს,ხაზის,ხაზები,ხაზით,ხაზიდან,ხაზების"
"447","სადღაც","sadghats","adv","somewhere","5.380","184.16","313.03","5.265","5.496","0.4265","0.0819","0","0","სადღაც,სადგაც,სადრაც,სადღაცა,საღაც"
"448","საიდან","saidan","adv","from where, whence","5.380","254.85","226.14","5.406","5.354","0.3971","0.0642","0","0","საიდან,სიდან,საიდანაა,სადან"
"449","გაყიდვა","gaq'idva","verb","to sell","5.377","180.44","315.23","5.256","5.499","0.3088","0.0487","0","0","გაიყიდა,გავყიდე,გაყიდვის,გასაყიდად,გაყიდა,გაიყიდება,გაყიდე,გავყიდი"
"450","მოქმედება","mok'medeba","verb","action, operation, deed","5.377","202.76","280.22","5.307","5.447","0.3529","0.0478","0","0","მოქმედებს,მოქმედება,იმოქმედა,იმოქმედებს,მოქმედებენ,იმოქმედოს,მოქმედებდა,იმოქმედე"
"451","სურვება","surveba","verb","to wish, to desire","5.377","299.50","189.65","5.476","5.278","0.5147","0.0476","0","0","გისურვებთ,გისურვებ,ვუსურვებ,ვისურვებდი,ისურვებდით,ვუსურვოთ,უსურვებ,ვუსურვო"
"452","მშვენიერი","mshvenieri","adj","beautiful, wonderful, splendid","5.374","399.95","139.97","5.602","5.146","0.6471","0.0400","0","0","მშვენიერი,მშვენიერია,მშვენიერ,უმშვენიერესი"
"453","მოყვანა","moq'vana","verb","to bring, to grow, to cite","5.372","321.82","172.60","5.508","5.237","0.5147","0.0414","0","0","მოვიყვანე,მოყვანა,მოვიყვან,მოიყვანა,მოიყვანე,მოგყავს,მოყავთ,მოიყვანო"
"454","მიზანი","mizani","noun","goal, aim, purpose","5.372","195.32","283.52","5.291","5.453","0.4118","0.0631","0","0","მიზნით,მიზანი,მიზანია,მიზანს,მიზნად,მიზნებისთვის,მიზნები,მიზნის"
"455","გაზრდა","gazrda","verb","to raise, to grow, to increase","5.370","202.76","270.87","5.307","5.433","0.5000","0.0582","0","0","გაიზრდება,გაიზარდა,გაზრდა,გაზრდის,გაიზარდოს,გავიზარდე,გაზარდო,გაზარდა"
"456","შემოწმება","shemots'meba","verb","check, inspection, examination","5.370","355.30","154.45","5.551","5.189","0.5000","0.0345","0","0","შემოწმება,შეამოწმეთ,შეამოწმე,შევამოწმე,ამოწმებს,ამოწმებენ,ვამოწმებ,შემოწმებას"
"457","შუა","shua","noun","middle, center","5.369","169.28","323.12","5.229","5.509","0.2794","0.0597","0","0","შუაშია,შუაში,შუაზე,შუაშიაო,შუამდე,შვაშია,შუა"
"458","ასაკი","asak'i","noun","age","5.369","165.56","329.72","5.219","5.518","0.3382","0.0647","0","0","ასაკში,ასაკის,ასაკი,ასაკს,ასაკიდან,ასაკზე,ასაკით,ასაკამდე"
"459","მდგომარეობა","mdgomareoba","noun","situation, condition, state","5.367","158.12","342.73","5.199","5.535","0.3382","0.0654","0","0","მდგომარეობაში,მდგომარეობა,მდგომარეობას,მდგომარეობის,მდგომარეობაა,მდგომარეობაშია,მდგომარეობით,მდგომარეობიდან"
"460","დახურვა","dakhurva","verb","to close, to shut","5.366","184.16","293.60","5.265","5.468","0.3088","0.0788","0","0","იხურება,დაიხურა,დახურეთ,დახურე,დავხურავ,დავხურე,დახურვა,ვხურავ"
"461","ისტორია","ist'oria","noun","history, story","5.364","176.72","303.13","5.247","5.482","0.3529","0.0605","0","0","ისტორია,ისტორიაში,ისტორიის,ისტორიას,ისტორიები,ისტორიაა,ისტორიაც,ისტორიებს"
"462","ცნობილი","ts'nobili","adj","known, famous, well-known","5.364","195.32","273.80","5.291","5.437","0.4265","0.0612","0","0","ცნობილი,ცნობილია,ცნობილ,ცნობილმა,ცნობილები,ცნობილიც"
"463","არამედ","aramed","conj","but rather, but","5.362","195.32","271.60","5.291","5.434","0.5000","0.0562","0","0","არამედ,არამეტ,არამ"
"464","სხვადასხვა","skhvadaskhva","adj","various, different","5.360","98.59","533.21","4.994","5.727","0.2500","0.1061","0","0","სხვადასხვა,სხვადასხვაა,სხვადსხვა,სხვადახვა,სხვადასხა,სხვდასხვა,სხვადასვა,სვადასხვა"
"465","წითელი","ts'iteli","adj","red","5.360","273.45","191.85","5.437","5.283","0.5147","0.0334","0","0","წითელი,წითელ,წითელს,წითელია,წიტელი,წითელის,წითლის,წითელიც"
"466","პირადად","p'iradad","adv","personally, in person","5.359","176.72","295.25","5.247","5.470","0.3529","0.0802","0","0","პირადად,პირადათ,პირადა,პირდად,პირადადაც"
"467","გადარჩენა","gadarchena","verb","salvation, rescue, survival","5.358","370.18","140.34","5.568","5.147","0.5294","0.0302","0","0","გადარჩა,გადარჩენის,გადარჩენა,გადარჩება,გადავრჩი,გადასარჩენად,გადაარჩინა,გადარჩეს"
"468","წამი","ts'ami","noun","second (time), moment","5.357","236.25","218.80","5.373","5.340","0.3824","0.0461","0","0","წამში,წამი,წამს,წამით,წმ,წამის,წამებში,წამზე"
"469","სერიოზული","seriozuli","adj","serious, grave","5.356","187.88","274.53","5.274","5.439","0.3971","0.0662","0","0","სერიოზული,სერიოზულ,სერიოზულია,უსერიოზულესი,სერიოზულს,სეროზული,სერიოზულმა,სერიოზულები"
"470","სიამოვნება","siamovneba","noun","pleasure, enjoyment","5.356","236.25","218.25","5.373","5.339","0.3824","0.0496","0","0","სიამოვნებით,სიამოვნებას,სიამოვნება,სიამოვნებაა,სიამოვნების,სიამოვნებისთვის,სიამოვნებისგან,სიამოვნებაზე"
"471","გვერდი","gverdi","noun","page, side","5.356","120.91","425.78","5.082","5.629","0.2794","0.0983","0","0","გვერდზე,გვერდი,გვერდს,გვერდის,გვერდებზე,გვერდები,გვერდში,გვერდიდან"
"472","ბიზნესი","biznesi","noun","business","5.353","251.13","202.30","5.400","5.306","0.3824","0.0367","0","0","ბიზნესი,ბიზნეს,ბიზნესის,ბიზნესში,ბიზნესს,ბიზნესია,ბიზნესზე,ბიზნესისთვის"
"473","პირობა","p'iroba","noun","condition, promise, term","5.353","184.16","275.82","5.265","5.441","0.4265","0.0598","0","0","პირობებში,პირობები,პირობა,პირობებს,პირობების,პირობას,პირობებია,პირობით"
"474","ახლოს","akhlos","adv","near, close, nearby","5.353","295.78","171.50","5.471","5.234","0.6324","0.0444","0","0","ახლოს,ახლოსაა,ახლოსაც"
"475","ზემოთ","zemot","adv","above, up, upstairs","5.352","217.65","232.37","5.338","5.366","0.2794","0.0631","0","0","ზემოთ,ზემოთაც,ზემოთაა,ზემოტ,ზემოდ"
"476","სული","suli","noun","soul, spirit, breath","5.351","273.45","184.52","5.437","5.266","0.4853","0.0393","0","0","სული,სულის,სულს,სულით,სულში,სულები,სულზე,სულო"
"477","ვეღარ","veghar","adv","no longer, cannot anymore","5.349","173.00","289.02","5.238","5.461","0.3824","0.0808","0","0","ვეღარ,ვეგარ,ვერარ,ვეღარაა"
"478","სწორად","sts'orad","adv","correctly, properly, accurately","5.349","199.04","250.70","5.299","5.399","0.4559","0.0675","0","0","სწორად,სწორადაა,სწორადაც"
"479","ქმნა","k'mna","verb","to create, to make, to form","5.347","154.40","319.82","5.189","5.505","0.3235","0.0702","0","0","იქნა,ქმნის,იქმნება,ქმნიან,უქმნის,ქმნი,ვიზამდი,მიქმნის"
"480","ბედნიერი","bednieri","adj","happy, fortunate","5.346","515.28","95.61","5.712","4.980","0.5735","0.0207","0","0","ბედნიერი,ბედნიერები,ბედნიერ,ბედნიერია,უბედნიერესი,ბედნიერნი,ბედნიერს,ბედნიერო"
"481","დარტყმა","dart'q'ma","verb","to hit, to strike, to punch","5.345","299.50","163.80","5.476","5.214","0.3235","0.0208","0","0","დაარტყა,ურტყამს,ურტყავს,დამარტყა,დარტყმით,დავარტყი,ურტყა,დაარტყი"
"483","შველა","shvela","verb","to help, to aid, to assist","5.345","98.59","495.81","4.994","5.695","0.2941","0.0960","0","0","შველის,ეშველება,უშველა,უშველის,მიშველა,მიშველეთ,ვუშველო,გიშველის"
"484","მზე","mze","noun","sun","5.345","221.37","220.82","5.345","5.344","0.3235","0.0285","0","0","მზის,მზე,მზეზე,მზეს,მზიდან,მზისგან,მზეა,მზემ"
"485","ამდენი","amdeni","pron","so much, so many","5.344","161.84","300.75","5.209","5.478","0.3529","0.0805","0","0","ამდენი,ამდენ,ამდენს,ამდენის,ამდენმა"
"486","ცუდად","tsudad","adv","badly, poorly, ill","5.343","228.81","211.65","5.359","5.326","0.5000","0.0544","0","0","ცუდად,ცუდათ,ცუდადაა,ცუდატ,ცუდათაა"
"487","გაქცევა","gaktseva","verb","to escape, to run away, to flee","5.341","492.96","97.44","5.693","4.989","0.7059","0.0237","0","0","გაიქცა,გაქცევა,გარბიან,გაიქცეს,გაიქეცი,გავიქეცი,გაქცევას,გაიქცევა"
"488","მეტად","met'ad","adv","more, greatly","5.340","187.88","254.92","5.274","5.406","0.3824","0.0644","0","0","მეტად,მეტადაა,მეტადაც,ტად"
"489","მესამე","mesame","num","third","5.339","169.28","281.13","5.229","5.449","0.3824","0.0678","0","0","მესამე,მესამეზე,მესამეს,მესამეში,მესამეც,მესამემ,მესამედან,მესამეა"
"490","თუნდაც","tundats","particle","even if, even","5.337","150.68","313.58","5.178","5.496","0.3676","0.0742","0","0","თუნდაც,ტუნდაც,თუმდაც,ნდაც"
"491","შესაძლოა","shesadzloa","adv","possibly, perhaps, maybe","5.335","299.50","156.29","5.476","5.194","0.4853","0.0330","0","0","შესაძლოა"
"492","სისულელე","sisulele","noun","nonsense, foolishness, absurdity","5.335","340.42","137.40","5.532","5.138","0.5294","0.0377","0","0","სისულელეა,სისულელე,სისულელეს,სისულელეებს,სისულელეები,სისულელეების,სისულელის,სისულელედ"
"493","ათასი","atasi","num","thousand","5.334","239.97","193.87","5.380","5.288","0.4118","0.0478","0","0","ათასი,ათას,ათასში,ათასად,ათასამდე,ატასი,ათასს,ათასზე"
"494","მაგრად","magrad","adv","strongly, firmly, tightly, hard","5.331","76.27","602.88","4.882","5.780","0.2353","0.1375","0","0","მაგრად,მაგრა,მაგრათ,მაგრადაც,მაგარად,მაგად,უმაგრესად"
"495","სხეული","skheuli","noun","body","5.329","225.09","202.49","5.352","5.306","0.3529","0.0335","0","0","სხეულის,სხეული,სხეულს,სხეულში,სხეულზე,სხეულით,სხეულმა,სხეულიდან"
"496","ბინა","bina","noun","apartment, flat","5.329","191.60","237.69","5.282","5.376","0.2647","0.0253","0","0","ბინა,ბინის,ბინას,ბინაში,ბინები,ბინების,ბინაზე,ბინებს"
"497","თვლა","tvla","verb","to count, to consider","5.329","158.12","287.18","5.199","5.458","0.3235","0.0651","0","0","ითვლება,ვთვლი,თვლის,ითვლებოდა,თვლიან,თვლი,ითვლის,თვლიდა"
"498","შემდეგი","shemdegi","adj","next, following","5.328","232.53","194.79","5.366","5.290","0.5000","0.0516","0","0","შემდეგი,შემდეგში,შემდეგს,შემდეგზე,შემდეგია,შემდეგმა,შემდეგშია,შემდეგის"
"499","მიწა","mits'a","noun","land, earth, ground","5.327","199.04","226.87","5.299","5.356","0.3971","0.0367","0","0","მიწის,მიწა,მიწაზე,მიწაში,მიწას,მიწები,მიწიდან,მიწასთან"
"500","დება","deba","verb","to put, to place, to lay","5.326","87.43","514.33","4.942","5.711","0.2794","0.1173","0","0","დევს,ვდებ,დებს,იდება,მიდევს,იდო,ადევს,უდევს"
"501","ხოდა","khoda","conj","and so, well then (discourse marker)","5.326","76.27","589.49","4.882","5.770","0.0735","0.1254","0","0","ხოდა,ხოდააა,ხვად,ხოოდა,ხოდაა,ხოოოდა"
"502","მაგიდა","magida","noun","table, desk","5.326","262.29","171.32","5.419","5.234","0.4412","0.0215","0","0","მაგიდაზე,მაგიდა,მაგიდის,მაგიდები,მაგიდასთან,მაგიდას,მაგიდებზე,მაგიდიდან"
"503","პატიება","p'at'ieba","verb","to forgive, to pardon","5.325","671.54","66.64","5.827","4.824","0.7353","0.0195","0","0","მაპატიეთ,მაპატიე,ვაპატიებ,პატიება,აპატიებს,აპატიე,პატიებას,ვპატიობ"
"504","დამთავრება","damtavreba","verb","to finish, to complete, to end","5.324","202.76","219.54","5.307","5.342","0.3971","0.0544","0","0","მთავრდება,დამთავრდა,დავამთავრე,დამთავრდება,დაამთავრა,დამთავრების,დამთავრებისთანავე,დამთავრდეს"
"505","თეთრი","tetri","adj","white","5.324","187.88","236.22","5.274","5.373","0.3235","0.0409","0","0","თეთრი,თეთრ,თეთრია,თეთრების,თეთრში,თეთრმა,თეთრს,თეთრზე"
"506","მოხვედრა","mokhvedra","verb","to get into, to reach, to hit","5.323","221.37","199.74","5.345","5.300","0.4706","0.0504","0","0","მოხვდა,მოვხვდი,მოხვდება,მოხვდეს,მოხვედრა,მოხვდები,მოხვდი,მოხვდე"
"507","აუცილებლად","autsileblad","adv","necessarily, definitely, certainly","5.322","132.08","333.57","5.121","5.523","0.3676","0.0818","0","0","აუცილებლად,აუცილებლათ"
"508","სურვილი","survili","noun","wish, desire","5.321","176.72","248.69","5.247","5.396","0.3529","0.0617","0","0","სურვილი,სურვილს,სურვილის,სურვილით,სურვილები,სურვილიც,სურვილია,სურვილების"
"509","ბოლომდე","bolomde","adv","to the end, completely","5.320","165.56","263.90","5.219","5.421","0.3971","0.0688","0","0","ბოლომდე,ბოლომდეა,ბოლომდეც,ბოლომე"
"510","ზოგიერთი","zogierti","pron","some, certain (ones)","5.319","247.41","175.72","5.393","5.245","0.5147","0.0405","0","0","ზოგიერთი,ზოგიერთ,ზოგიერთს,ზოგიერთმა,ზოგიერთები,ზოგიერთებს,ზოგიერთის,ზოგიერთზე"
"511","პირველად","p'irvelad","adv","for the first time, firstly","5.319","187.88","231.27","5.274","5.364","0.4559","0.0635","0","0","პირველად,პირველათ"
"512","კავშირი","k'avshiri","noun","connection, link, union","5.319","191.60","226.50","5.282","5.355","0.3088","0.0510","0","0","კავშირი,კავშირში,კავშირის,კავშირშია,კავშირს,კავშირები,კავშირზე,კავშირების"
"513","ხოლო","kholo","conj","while, whereas, but","5.317","94.87","454.75","4.977","5.658","0.2353","0.0820","0","0","ხოლო"
"514","მილიონი","milioni","num","million","5.316","195.32","219.17","5.291","5.341","0.2353","0.0422","0","0","მილიონი,მილიონ,მლნ,მილიონს,მილიონზე,მილიონებს,მილიონამდე,მილიონის"
"515","არანაირი","aranairi","pron","no kind of, none whatsoever","5.315","139.52","305.88","5.145","5.486","0.3088","0.0765","0","0","არანაირი,არანაირ,არანაერი,არანარი,არანირი,არანაირს,არანაერ"
"516","ფოტო","pot'o","noun","photo, picture","5.313","154.40","273.98","5.189","5.438","0.2647","0.0516","0","0","ფოტო,ფოტოები,ფოტოს,ფოტოებს,ფოტოზე,ფოტოების,ფოტოა,ფოტოც"
"517","შედეგი","shedegi","noun","result, outcome, consequence","5.312","72.55","578.68","4.861","5.762","0.1765","0.0999","0","0","შედეგი,შედეგს,შედეგები,შედეგებს,შედეგია,შედეგის,შედეგების,შედეგიც"
"518","შეთავაზება","shetavazeba","verb","to offer, to propose","5.310","232.53","179.39","5.366","5.254","0.3235","0.0365","0","0","გთავაზობთ,გვთავაზობს,შესთავაზა,სთავაზობს,გვთავაზობენ,გთავაზობს,შესთავაზეს,შესთავაზო"
"519","განყოფილება","ganqopileba","noun","department, division, section","5.307","169.28","242.45","5.229","5.385","0.2353","0.0642","0","0","განყოფილებაში,განყოფილება,განყოფილების,განყოფილებას,განყოფილებაა,განყოფილებიდან,განყოფილებებში,განყოფილებაშიც"
"520","მოხერხება","mokherkheba","verb","to manage, to contrive, to be convenient","5.306","195.32","209.82","5.291","5.322","0.4118","0.0552","0","0","მოახერხა,მოვახერხე,ახერხებს,ვახერხებ,ახერხებენ,მოახერხეს,მოახერხებ,მოვახერხებ"
"521","გარკვეული","gark'veuli","adj","certain, specific, definite","5.306","173.00","236.77","5.238","5.374","0.3971","0.0535","0","0","გარკვეული,გარკვეულ,გარკვეულია,გარკვეულმა"
"522","რათა","rata","conj","in order to, so that","5.305","280.89","144.92","5.449","5.161","0.5882","0.0321","0","0","რათა,რატა"
"523","განცხადება","gantskhadeba","noun","to declare, to state, to announce","5.302","247.41","162.70","5.393","5.211","0.2206","0.0220","0","0","განცხადება,განცხადებას,განცხადების,განცხადებით,განცხადებები,განცხადებაში,განცხადებების,განცხადებებს"
"524","ვიღაცა","vighatsa","pron","someone, somebody","5.302","158.12","254.37","5.199","5.405","0.3676","0.0647","0","0","ვიღაცამ,ვიღაცას,ვიღაცა,ვიღაცის,ვიღაცეები,ვიღაცეებს,ვიღაცისთვის,ვიღაცაა"
"525","ხუმრობა","khumroba","noun","joke, prank","5.302","377.63","106.24","5.577","5.026","0.4118","0.0178","0","0","ხუმრობა,ხუმრობით,ხუმრობები,ხუმრობის,ხუმრობაა,ხუმრობებს,ხუმრობაზე,ხუმრობებზე"
"526","პროგრამა","p'rograma","noun","program","5.300","68.83","578.68","4.838","5.762","0.1471","0.0814","0","0","პროგრამა,პროგრამის,პროგრამას,პროგრამები,პროგრამაში,პროგრამით,პროგრამების,პროგრამაა"
"527","განსაკუთრებით","gansak'utrebit","adv","especially, particularly","5.299","143.24","277.28","5.156","5.443","0.3088","0.0695","0","0","განსაკუთრებით,განსაკუტრებით,განსაკუთრებიტ,განსკუთრებით,განსაკუტრებიტ,გასაკუთრებით,განსკაუთრებით"
"528","მიხედვით","mikhedvit","other","according to, per","5.299","102.31","387.28","5.010","5.588","0.2353","0.0736","0","0","მიხედვით,მიხედვითაც,მიხედვითაა,მიხედვიტ"
"529","ძვირფასი","dzvirpasi","adj","precious, valuable, dear","5.298","798.04","49.41","5.902","4.694","0.7794","0.0136","0","0","ძვირფასო,ძვირფასი,ძვირფას,ძვირფასია,უძვირფასესი,ძვირფასს,ძვირფასებო,ძვიირფასო"
"530","საშინელი","sashineli","adj","terrible, horrible, dreadful","5.296","299.50","130.44","5.476","5.115","0.5294","0.0319","0","0","საშინელი,საშინელ,საშინელია,უსაშინლესი,სასინელი"
"531","გახსენება","gakhseneba","verb","to remember, to recall","5.296","139.52","279.67","5.145","5.447","0.3235","0.0711","0","0","გამახსენდა,გავიხსენოთ,გავიხსენე,გაიხსენე,გახსენება,გამახსენა,გავიხსენებ,გაიხსენეთ"
"532","ქვეშ","kvesh","other","under, beneath","5.294","340.42","113.76","5.532","5.056","0.5294","0.0302","0","0","ქვეშ,ქვეშაა,ქვეშაც,ქვეშიდან"
"533","მოძრაობა","modzraoba","verb","movement, traffic","5.289","150.68","251.25","5.178","5.400","0.2353","0.0318","0","0","მოძრაობა,მოძრაობს,მოძრაობენ,მოძრაობდა,იმოძრავებს,მოძრაობ,ვმოძრაობ,მოძრაობდნენ"
"534","სრული","sruli","adj","full, complete, total","5.287","158.12","236.95","5.199","5.375","0.3235","0.0597","0","0","სრული,სრულ,სრულია"
"535","სახელმწიფო","sakhelmtsip'o","noun","state, government","5.286","150.68","247.59","5.178","5.394","0.2206","0.0383","0","0","სახელმწიფო,სახელმწიფოს,სახელმწიფომ,სახელმწიფოში,სახელმწიფოსგან,სახელმწიფოებს,სახელმწიფოთა,სახელმწიფოა"
"536","ზოგჯერ","zogjer","adv","sometimes, occasionally","5.286","225.09","165.64","5.352","5.219","0.4559","0.0380","0","0","ზოგჯერ"
"537","დადგომა","dadgoma","verb","to arrive, to begin, to set in","5.285","239.97","154.64","5.380","5.189","0.5147","0.0418","0","0","დადგა,დადგება,დადგეს,დაადგა,დავდგეთ,დავდგები,დავდექი,დადგომა"
"538","ეგეთი","egeti","pron","such, that kind of","5.285","50.23","738.54","4.701","5.868","0.1324","0.1649","0","0","ეგეთი,ეგეთ,ეგეთები,ეგეთს,ეგეთია,ეგეთებს,ეგეტი,ეგეთებიც"
"539","მოწევა","mots'eva","verb","to smoke, to pull","5.285","187.88","197.35","5.274","5.295","0.3088","0.0260","0","0","ვეწევი,მოწევა,ეწევა,ვეწეოდი,ეწევი,ეწევიან,ეწეოდა,მოწევის"
"540","ზოგი","zogi","pron","some, a few","5.283","72.55","507.73","4.861","5.706","0.2353","0.0913","0","0","ზოგი,ზოგს,ზოგ,ზოგმა,ზოგიც,ზოგისთვის,ზოგზე,ზოგის"
"541","ზრდა","zrda","verb","to grow, to increase","5.282","146.96","249.42","5.167","5.397","0.3088","0.0408","0","0","იზრდება,ზრდის,ზრდას,ზრდიან,იზრდებოდა,იზრდებიან,ზრდით,ვზრდი"
"542","კანონი","k'anoni","noun","law, rule","5.281","146.96","248.69","5.167","5.396","0.3088","0.0367","0","0","კანონი,კანონის,კანონით,კანონები,კანონს,კანონში,კანონებს,კანონების"
"543","გაცნობა","gatsnoba","verb","to get acquainted, to introduce","5.279","258.57","139.60","5.413","5.145","0.3529","0.0351","0","0","გავიცანი,გაეცანით,გავეცანი,გაიცნო,გაეცნოთ,გაეცნო,გაეცანი,გავიცნოთ"
"544","საჭმელი","sach'meli","noun","food, meal","5.276","243.69","146.39","5.387","5.166","0.2941","0.0291","0","0","საჭმელი,საჭმელს,საჭმლის,საჭმელად,საჭმელები,საჭმელზე,საჭმელია,საჭმელის"
"545","ჰგავს","hgavs","verb","to resemble, to look like","5.275","225.09","157.57","5.352","5.197","0.5000","0.0425","0","0","გავს,ჰგავს,გავდეს,გავხარ,ჰგავდეს"
"546","ასვლა","asvla","verb","to ascend, to climb, to go up","5.273","169.28","207.62","5.229","5.317","0.3529","0.0485","0","0","ადის,ავედი,ავიდა,ავა,ასვლა,ავიდეს,ახვალ,ავალ"
"547","ანგარიში","angarishi","noun","report, account, bill","5.271","165.56","210.37","5.219","5.323","0.2647","0.0364","0","0","ანგარიში,ანგარიშზე,ანგარიშის,ანგარიშით,ანგარიშს,ანგარიშების,ანგარიშები,ანგარიშებს"
"548","სიტუაცია","sit'uatsia","noun","situation","5.270","128.36","270.32","5.108","5.432","0.2941","0.0621","0","0","სიტუაცია,სიტუაციაა,სიტუაციაში,სიტუაციას,სიტუაციის,სიტუაციებში,სიტუაციიდან,სიტუაციები"
"549","ვერც","verts","particle","neither, nor (with inability)","5.270","117.19","295.80","5.069","5.471","0.2794","0.0685","0","0","ვერც"
"550","მჭირს","mchirs","verb","to suffer from, to be wrong with","5.269","184.16","187.45","5.265","5.273","0.3088","0.0438","0","0","მჭირს,ჭირს,გჭირს,სჭირს,მჭირდა,გჭირთ,ჭირდა,სჭირდა"
"551","აღიარება","aghiareba","verb","to recognize, to acknowledge, to confess","5.268","306.94","112.11","5.487","5.050","0.4706","0.0290","0","0","ვაღიარებ,აღიარება,აღიარებს,აღიარა,აღიარეს,ვაღიაროთ,აღიარე,აღიარებენ"
"552","მართლაც","martlats","adv","indeed","5.267","210.21","162.70","5.323","5.211","0.4412","0.0420","0","0","მართლაც,მარტლაც"
"553","ქალბატონი","kalbat'oni","noun","lady, madam","5.266","567.37","60.04","5.754","4.778","0.5882","0.0144","0","0","ქალბატონი,ქალბატონო,ქალბატონს,ქალბატონ,ქალბატონებო,ქალბატონები,ქალბატონმა,ქალბატონებს"
"554","ვიდეო","video","noun","video","5.265","50.23","675.29","4.701","5.829","0.1176","0.1148","0","0","ვიდეო,ვიდეოს,ვიდეოები,ვიდეოში,ვიდეოებს,ვიდეოა,ვიდეოების,ვიდეოზე"
"555","უფროსი","uprusi","adj","boss, superior, elder","5.264","429.71","78.56","5.633","4.895","0.4853","0.0138","0","0","უფროსი,უფროს,უფროსია,უფროსად,უმფროსი,უფროსო,უფროსმა,უფროსის"
"556","ბანკი","bank'i","noun","bank","5.263","169.28","198.45","5.229","5.298","0.2353","0.0286","0","0","ბანკის,ბანკი,ბანკში,ბანკს,ბანკები,ბანკიდან,ბანკმა,ბანკებს"
"557","ხე","khe","noun","tree, wood","5.263","191.60","175.17","5.282","5.243","0.3529","0.0265","0","0","ხის,ხე,ხეები,ხეზე,ხეს,ხეების,ხეებს,ხეა"
"558","ჰა","ha","particle","huh?, what?, here (interjection)","5.259","318.10","103.86","5.503","5.016","0.2794","0.0274","0","0","ჰა,ჰააა,ჰაააა"
"559","მიხარია","mikharia","verb","to be glad, to be happy","5.259","202.76","162.89","5.307","5.212","0.3382","0.0446","0","0","მიხარია,გამიხარდა,გამიხარდება,უხარია,გიხარია,უხარიათ,გაუხარდება,გამეხარდა"
"560","ცხოველი","tskhoveli","noun","animal, beast","5.259","165.56","199.37","5.219","5.300","0.2647","0.0210","0","0","ცხოველი,ცხოველები,ცხოველების,ცხოველის,ცხოველებს,ცხოველთა,ცხოველს,ცხოველია"
"561","გაგზავნა","gagzavna","verb","sending, dispatch","5.259","247.41","133.00","5.393","5.124","0.5441","0.0286","0","0","გაგზავნა,აგზავნის,გავაგზავნე,იგზავნება,აგზავნიან,გავუგზავნე,უგზავნის,ვაგზავნი"
"562","დასვენება","dasveneba","verb","to rest, to relax","5.259","243.69","135.02","5.387","5.130","0.4412","0.0330","0","0","დასვენება,დასვენების,დასასვენებლად,დავისვენე,ვისვენებ,დაისვენებ,დაასვენო,ისვენებს"
"563","თანხა","tankha","noun","amount, sum, money","5.258","83.71","392.41","4.923","5.594","0.2059","0.0644","0","0","თანხა,თანხის,თანხას,თანხები,თანხით,თანხების,თანხაზე,თანხებს"
"564","მართვა","martva","noun","to manage, to govern, to drive","5.257","173.00","189.10","5.238","5.277","0.3676","0.0234","0","0","მართვის,მართვა,მართვაზე,მართვაც,მართვაა,იმართება,მართავს,მართვას"
"565","წინააღმდეგ","tsinaaghmdeg","adv","against, opposite","5.256","310.66","104.41","5.492","5.019","0.4706","0.0234","0","0","წინააღმდეგ,წინაამღდეგ,წინააღდეგ"
"567","დაშვება","dashveba","verb","to allow, to admit, to assume","5.255","228.81","141.44","5.359","5.151","0.5000","0.0363","0","0","დავუშვათ,დაუშვა,დაშვება,ეშვება,დაშვების,დავუშვი,დაუშვეს,დაუშვებს"
"568","საიტი","sait'i","noun","website, site","5.255","39.06","826.72","4.592","5.917","0.0588","0.1357","0","0","საიტი,საიტზე,საიტის,საიტს,საიტებზე,საიტები,საიტიდან,საიტია"
"569","შესაძლებელი","shesadzlebeli","adj","possible","5.254","94.87","339.07","4.977","5.530","0.2941","0.0767","0","0","შესაძლებელია,შესაძლებელი,ებელია,შესაზლებელია,შესაძლებელს,სესაძლებელია"
"570","მკვდარი","mk'vdari","adj","dead","5.252","440.87","72.32","5.644","4.859","0.5588","0.0192","0","0","მკვდარი,მკვდარია,მკვდარ,მკვდრები,მკვდარს,მკვდარივით,მკუდარი,მკვდარიც"
"571","შიში","shishi","noun","fear, dread","5.251","206.48","153.90","5.315","5.187","0.3971","0.0231","0","0","შიში,შიშით,შიშის,შიშები,შიშს,შიშისგან,შიშიც,შიშებს"
"572","წამალი","ts'amali","noun","medicine, drug, remedy","5.251","94.87","334.85","4.977","5.525","0.1912","0.0404","0","0","წამალი,წამლები,წამლის,წამალს,წამლების,წამლებს,წამალია,წამლებით"
"573","პროცესი","p'rotsesi","noun","process","5.251","102.31","310.47","5.010","5.492","0.2059","0.0551","0","0","პროცესი,პროცესში,პროცესს,პროცესის,პროცესია,პროცესების,პროცესები,პროცესებს"
"574","შეწყვეტა","shets'q'vet'a","verb","to stop, to cease, to discontinue","5.251","452.03","70.12","5.655","4.846","0.5147","0.0167","0","0","შეწყვიტა,შეწყვიტე,შეწყდა,შევწყვიტე,შეწყვიტეთ,შეწყვეტის,შეწყდება,შეწყვიტოს"
"575","ოცნება","otsneba","noun","dream","5.248","292.05","107.52","5.465","5.031","0.3382","0.0195","0","0","ოცნება,ოცნების,ოცნებას,ოცნებაა,ოცნებები,ოცნებად,ოცნებებში,ოცნებების"
"576","შეუძლებელი","sheudzlebeli","adj","impossible","5.248","225.09","139.05","5.352","5.143","0.4118","0.0341","0","0","შეუძლებელია,შეუძლებელი,შეუძლებელიც,შეუძლებელიაო,შეუძლებელს"
"577","ფილმი","pilmi","noun","film, movie","5.248","102.31","305.88","5.010","5.486","0.2500","0.0436","0","0","ფილმი,ფილმის,ფილმები,ფილმს,ფილმებს,ფილმების,ფილმში,ფილმია"
"578","გამოცდილება","gamots'dileba","noun","experience","5.248","87.43","357.58","4.942","5.553","0.2353","0.0808","0","0","გამოცდილება,გამოცდილების,გამოცდილებით,გამოცდილებას,გამოცდილებიდან,გამოცდილებაც,გამოცდილებაზე,გამოცდილებაა"
"579","გამართლება","gamartleba","verb","to justify, to excuse, to acquit","5.246","176.72","175.35","5.247","5.244","0.3971","0.0436","0","0","ამართლებს,გაამართლებს,გაამართლა,გაუმართლა,გაგიმართლა,გამიმართლა,გამართლება,გაგიმართლოს"
"580","ოპერაცია","op'eratsia","noun","operation, surgery","5.245","124.63","248.32","5.096","5.395","0.1765","0.0259","0","0","ოპერაცია,ოპერაციის,ოპერაციას,ოპერაციაა,ოპერაციები,ოპერაციების,ოპერაციებს,ოპერაციაზე"
"581","გათიშვა","gatishva","verb","to disconnect, to switch off, to disable","5.245","195.32","158.12","5.291","5.199","0.2941","0.0342","0","0","ითიშება,გაითიშა,გათიშვა,გავთიშე,თიშავს,გათიშე,გათიშეთ,გათიშვის"
"582","სოფელი","sopeli","noun","village","5.243","124.63","245.39","5.096","5.390","0.2059","0.0377","0","0","სოფელში,სოფლის,სოფელი,სოფლებში,სოფელ,სოფლიდან,სოფ,სოფელს"
"583","მეტრო","met'ro","noun","metro, subway","5.241","76.27","398.65","4.882","5.601","0.1471","0.0642","0","0","მ,მეტრო,მეტროს,მეტროში,მეტროსთან,მეტროდან,მეტროთი,მეტრომდე"
"584","არასწორი","arastsori","adj","incorrect, wrong, false","5.240","225.09","134.10","5.352","5.127","0.4118","0.0365","0","0","არასწორი,არასწორია,არასწორ,არასწორმა,არასწორს,არასწორიაო"
"585","ცვლა","tsvla","verb","shift, change, replacement","5.239","135.80","221.55","5.133","5.345","0.2647","0.0411","0","0","იცვლება,ცვლიან,იცვლის,ვცვლი,ეცვლება,ცვლი,იცვლებოდა,ცვალო"
"587","ფერი","peri","noun","color","5.239","143.24","209.64","5.156","5.321","0.2794","0.0368","0","0","ფერის,ფერი,ფერები,ფერს,ფერების,ფერია,ფერებში,ფერზე"
"588","დანებება","danebeba","verb","to surrender, to give up","5.239","199.04","150.79","5.299","5.178","0.3824","0.0343","0","0","დავანებოთ,დავანებე,დაანებე,დანებება,დაანება,დაანებეთ,დავანებო,დაანებო"
"589","ნერვიულობა","nerviuloba","verb","to be nervous, to worry","5.237","377.63","78.74","5.577","4.896","0.5000","0.0205","0","0","ინერვიულო,ვნერვიულობ,ნერვიულობ,ნერვიულობა,ინერვიულოთ,ნერვიულობის,ნერვიულობს,ნერვიულობით"
"590","ვიღაც","vighats","pron","someone, somebody","5.236","139.52","212.94","5.145","5.328","0.3382","0.0559","0","0","ვიღაც,ვიგაც,ვიღაცეებმა,ვირაც,ვეღაც,ვიღ,ვიღაცებს"
"591","პირადი","p'iradi","adj","personal, private","5.236","128.36","231.09","5.108","5.364","0.3235","0.0575","0","0","პირადი,პირადში,პირად,პირადშიც,პირადზე,პირადს,პირადმა"
"592","სიცილი","sitsili","verb","laughter, laugh","5.236","440.87","67.19","5.644","4.827","0.3088","0.0102","0","0","იცინის,ვიცინე,იცინოდა,იცინიან,ვიცინი,მიცინია,იცინე,იცინი"
"593","კედელი","k'edeli","noun","wall","5.234","213.93","137.40","5.330","5.138","0.3971","0.0250","0","0","კედელზე,კედელი,კედლის,კედელს,კედლები,კედლებზე,კედელში,კედლებს"
"594","როგორიც","rogorits","pron","such as, like, which","5.234","150.68","194.97","5.178","5.290","0.3529","0.0483","0","0","როგორიც,როგორიცაა,როგორებიცაა,როგორებიც"
"595","რომელიმე","romelime","pron","any, some (indefinite)","5.234","106.03","276.73","5.025","5.442","0.2647","0.0763","0","0","რომელიმე,რომელიმეს,რომელიმემ,რომელიმეზე,რომელიმეში"
"596","სუნი","suni","noun","smell, odor, scent","5.233","232.53","126.04","5.366","5.101","0.4706","0.0241","0","0","სუნი,სუნს,სუნის,სუნით,სუნიც,სუნია,სუნზე,სუნად"
"597","უცნაური","utsnauri","adj","strange, unusual, odd","5.233","288.33","101.29","5.460","5.006","0.5000","0.0276","0","0","უცნაური,უცნაურია,უცნაურ,უცნაურს"
"598","ადვილი","advili","adj","easy, simple","5.232","191.60","152.25","5.282","5.183","0.4559","0.0400","0","0","ადვილი,ადვილია,ადვილ,უადვილესია,უადვილესი,ადვილიც"
"599","პაციენტი","patsient'i","noun","patient","5.230","221.37","130.25","5.345","5.115","0.1618","0.0165","0","0","პაციენტი,პაციენტს,პაციენტის,პაციენტებს,პაციენტები,პაციენტების,პაციენტმა,პაციენტებში"
"600","გაჩენა","gachena","verb","to appear, to be born, to arise","5.229","139.52","205.42","5.145","5.313","0.3382","0.0436","0","0","ჩნდება,გაჩნდა,გაჩნდება,გაუჩნდა,აჩენს,გაჩენა,გაჩნდეს,გააჩინა"
"601","ოღონდ","oghond","conj","only, just, provided that","5.226","46.51","608.38","4.668","5.784","0.1324","0.1464","0","0","ოღონდ,ოგონდ,ოღონთ,ოღ,ოღონ,ნდ,ორონდ,ოღონც"
"602","ჩასვლა","chasvla","verb","to go down, to descend, to arrive (at a destination)","5.225","191.60","147.12","5.282","5.168","0.3824","0.0355","0","0","ჩადის,ჩასვლა,ჩავედი,ჩავიდა,ჩავალ,ჩახვალ,ჩავა,ჩადი"
"603","ჩაწერა","chatsera","verb","to record, to write down, to register","5.223","91.15","306.43","4.960","5.486","0.2206","0.0561","0","0","ჩავწერე,ჩაწერე,ჩავწერო,ჩაწერო,ჩაწერ,ჩაწერის,ჩაწერას,ჩავწერ"
"604","ცენტრი","tsent'ri","noun","center","5.222","113.47","245.39","5.055","5.390","0.2500","0.0457","0","0","ცენტრში,ცენტრი,ცენტრის,ცენტრს,ცენტრიდან,ცენტრ,ცენტრები,ცენტრებისთვის"
"605","საუკუნე","sauk'une","noun","century","5.222","120.91","230.17","5.082","5.362","0.3529","0.0399","0","0","საუკუნის,საუკუნეში,საუკუნე,საუკუნეების,საუკუნეა,საუკუნეებში,საუკუნიდან,საუკუნეები"
"606","ტკივილი","t'k'ivili","noun","pain, ache","5.222","113.47","245.02","5.055","5.389","0.2647","0.0349","0","0","ტკივილი,ტკივილები,ტკივილს,ტკივილის,ტკივილია,ტკივილით,ტკივილიც,ტკივილმა"
"607","მოძებნა","modzebna","verb","to find, to search for","5.222","202.76","137.04","5.307","5.137","0.4118","0.0381","0","0","მოძებნე,მოძებნა,მოვძებნე,მოვძებნო,მოძებნო,მოიძებნება,მოვძებნი,მოძებნეთ"
"608","კატა","k'at'a","noun","cat","5.221","262.29","105.32","5.419","5.023","0.2059","0.0147","0","0","კატა,კატას,კატის,კატები,კატებს,კატების,კატამ,კატაა"
"609","ზომა","zoma","noun","size, measure, extent","5.220","117.19","234.57","5.069","5.370","0.2794","0.0463","0","0","ზომის,ზომა,ზომები,ზომით,ზომას,ზომაში,ზომების,ზომაზე"
"610","გამოყურება","gamoqureba","verb","to look, to appear (visually)","5.219","474.36","57.84","5.676","4.762","0.6324","0.0154","0","0","გამოიყურება,გამოიყურებოდა,გამოიყურებოდეს,გამოიყურები,გამოიყურებიან,გამოვიყურები,გამოიყურებოდნენ,გამოიყურებით"
"611","ნდობა","ndoba","verb","trust, confidence","5.219","280.89","97.62","5.449","4.990","0.3529","0.0206","0","0","ვენდობი,ენდო,ენდობი,ენდობა,ვენდო,ენდობით,ენდოთ,ენდე"
"612","საკვები","sak'vebi","noun","food, nourishment","5.218","124.63","218.99","5.096","5.340","0.2647","0.0255","0","0","საკვები,საკვების,საკვებს,საკვებთან,საკვებზე,საკვებით,საკვებში,საკვებად"
"613","სრულიად","sruliad","adv","entirely, completely, absolutely","5.217","139.52","194.42","5.145","5.289","0.3676","0.0479","0","0","სრულიად,სრულიადაც,სრუალიად"
"614","ციხე","tsikhe","noun","prison, fortress, castle","5.217","366.46","73.97","5.564","4.869","0.3824","0.0144","0","0","ციხეში,ციხე,ციხის,ციხიდან,ციხეს,ციხეზე,ციხეშია,ციხეშიც"
"615","მანამდე","manamde","adv","until then, before that","5.216","120.91","224.12","5.082","5.350","0.3088","0.0622","0","0","მანამდე,მანამდეც"
"616","ძილი","dzili","noun","to sleep","5.216","225.09","119.99","5.352","5.079","0.4412","0.0217","0","0","ძილის,ძილი,ძილში,ძილს,ძილიც,ძილით,ძილშიც,ძილზე"
"617","ფრენა","prena","verb","flight, to fly","5.215","359.02","75.07","5.555","4.875","0.3235","0.0120","0","0","ფრენა,დაფრინავს,დაფრინავენ,ფრენას,დაფრინავდა,ვაფრენ,დავფრინავთ,იფრენს"
"618","მომზადება","momzadeba","verb","preparation, training","5.215","262.29","102.39","5.419","5.010","0.5000","0.0205","0","0","მომზადება,მოსამზადებლად,მოამზადებს,მოგამზადებთ,მოამზადეთ,მოემზადეთ,მოემზადე,მოამზადა"
"619","მინიმუმ","minimum","adv","minimum, at least","5.214","98.59","271.42","4.994","5.434","0.2500","0.0680","0","0","მინიმუმ,მიიმუმ,მინუმუმ"
"620","მცირე","mtsire","adj","small, little, minor","5.213","117.19","227.97","5.069","5.358","0.2647","0.0528","0","0","მცირე,მცირეა,უმცირესი,უმცირეს,მცირედან,მცირეს"
"621","სუფთა","supta","adj","clean, pure, clear","5.213","184.16","144.55","5.265","5.160","0.3971","0.0363","0","0","სუფთა,სუფთაა,სუფტა,სუფთას,სუფთაზე"
"622","მღერა","mghera","verb","to sing","5.213","288.33","92.31","5.460","4.965","0.3824","0.0162","0","0","მღერის,მღერიან,იმღერა,მღეროდა,იმღერებს,იმღეროს,მღეროდნენ,იმღერე"
"623","პოსტი","p'ost'i","noun","post, position, station","5.212","50.23","529.36","4.701","5.724","0.1176","0.1070","0","0","პოსტი,პოსტში,პოსტები,პოსტს,პოსტის,პოსტებს,პოსტების,პოსტია"
"624","ხორცი","khortsi","noun","meat, flesh","5.212","109.75","242.09","5.040","5.384","0.2353","0.0198","0","0","ხორცი,ხორცის,ხორცს,ხორცით,ხორცია,ხორცზე,ხორცში,ხორციც"
"625","უარი","uari","noun","refusal, denial","5.212","180.44","146.94","5.256","5.167","0.4412","0.0382","0","0","უარი,უარს,უარის,უარზე,უარით,უარზეა,უარია,უარ"
"626","ძნელი","dzneli","adj","difficult, hard","5.211","161.84","163.62","5.209","5.214","0.3971","0.0441","0","0","ძნელია,ძნელი,ძნელ"
"627","ისევე","iseve","adv","as well, likewise, just as","5.211","195.32","135.39","5.291","5.132","0.4118","0.0356","0","0","ისევე,ისევეა,ისვე"
"628","განსხვავება","ganskhvaveba","noun","difference, distinction","5.211","117.19","225.59","5.069","5.353","0.2353","0.0331","0","0","განსხვავება,განსხვავებაა,განსხვავებას,განსხვავებები,განსხვავების,განსხვავებებია,განსხვავებაც,განსხვავებიტ"
"629","გაქრობა","gakroba","verb","to disappear, to vanish, to extinguish","5.211","262.29","100.74","5.419","5.003","0.5000","0.0262","0","0","გაქრა,გაქრება,გაქრეს,გააქრეს,გამიქრა,გაქრობა,გაქრნენ,გამქრალა"
"630","ვარჯიში","varjishi","noun","exercise, training, practice","5.211","31.62","835.15","4.500","5.922","0.0588","0.0490","0","0","ვარჯიში,ვარჯიშის,ვარჯიშს,ვარჯიშები,ვარჯიშზე,ვარჯიშით,ვარჯიშებს,ვარჯიშების"
"631","დასმა","dasma","verb","to put, to place, to ask (a question)","5.210","132.08","199.55","5.121","5.300","0.2941","0.0505","0","0","დავსვი,დასმა,დასვა,დასვი,დასვით,დამისვა,დაუსვეს,დაუსვა"
"632","დარღვევა","darghveva","verb","violation, infringement, breach","5.210","210.21","125.12","5.323","5.097","0.3676","0.0187","0","0","არღვევს,დარღვევის,ირღვევა,ვარღვევ,დაარღვია,დარღვევას,არღვევ,დავარღვიე"
"633","ნიშანი","nishani","noun","sign, mark, symbol","5.210","176.72","148.77","5.247","5.173","0.3235","0.0322","0","0","ნიშანი,ნიშნები,ნიშანია,ნიშნის,ნიშნად,ნიშანს,ნიშნების,ნიშნით"
"634","ცეცხლი","tsetskhli","noun","fire","5.208","370.18","70.49","5.568","4.848","0.5000","0.0134","0","0","ცეცხლი,ცეცხლის,ცეცხლზე,ცეცხლს,ცეცხლში,ცეცხლით,ცეცხლთან,ცეცხლიდან"
"635","მძიმე","mdzime","adj","heavy, severe, difficult","5.208","154.40","168.57","5.189","5.227","0.3676","0.0394","0","0","მძიმე,მძიმეა,უმძიმესი,მძიმეს,უმძიმეს,მძიმეების,მძიმეები,მძი"
"636","ურთიერთობა","urtiertoba","noun","relationship, communication, interaction","5.203","150.68","169.30","5.178","5.229","0.3529","0.0324","0","0","ურთიერთობა,ურთიერთობის,ურთიერთობაში,ურთიერთობას,ურთიერთობები,ურთიერთობების,ურთიერთობებს,ურთიერთობებში"
"637","მოწერა","mots'era","verb","to write (to someone), to send a message","5.203","79.99","318.17","4.903","5.503","0.2206","0.0799","0","0","მომწერეთ,მომწერე,მოგწერ,მოგწერე,მომწეროთ,მომწერა,მომწეროს,მომწერეს"
"638","პირიქით","p'irik'it","adv","on the contrary, vice versa, conversely","5.203","94.87","268.12","4.977","5.428","0.2941","0.0711","0","0","პირიქით,პირიქითაა,პირიქითაც,პირიქიტ,პირიკით"
"639","სასამართლო","sasamartlo","noun","court, judiciary","5.203","262.29","96.89","5.419","4.986","0.3235","0.0142","0","0","სასამართლო,სასამართლოს,სასამართლოში,სასამართლოზე,სასამართლომ,სასამართლომდე,სასამართლოსთვის,სასამართლოები"
"640","გეგმა","gegma","noun","plan, scheme","5.201","239.97","105.14","5.380","5.022","0.4118","0.0235","0","0","გეგმა,გეგმები,გეგმის,გეგმაში,გეგმას,გეგმებს,გეგმაა,გეგმების"
"641","შეძენა","shedzena","verb","to acquire, to purchase, to buy","5.201","124.63","202.12","5.096","5.306","0.2059","0.0398","0","0","შევიძინო,შევიძინე,შეიძინა,შეიძინეთ,შევიძენ,შეიძინოთ,შეძენას,შეიძინო"
"642","გონება","goneba","noun","mind, intellect, reason","5.200","247.41","101.66","5.393","5.007","0.4853","0.0225","0","0","გონება,გონების,გონებას,გონებაში,გონებით,გონებაზე,გონებიდან,გონებაა"
"643","განხილვა","gankhilva","verb","discussion, review, consideration","5.200","135.80","184.70","5.133","5.266","0.3382","0.0428","0","0","განვიხილოთ,განხილვა,განიხილება,განვიხილავთ,განიხილავს,განვიხილავ,განიხილავენ,განიხილავ"
"644","ხსენება","khseneba","verb","to mention, to commemorate","5.199","132.08","189.65","5.121","5.278","0.3235","0.0490","0","0","მახსენდება,ვიხსენებ,ვახსენე,ახსენე,მახსენებს,ახსენა,ახსენებს,იხსენებს"
"645","გაღვიძება","gaghvidzeba","verb","to wake up, to awaken","5.199","336.70","74.34","5.527","4.871","0.3824","0.0188","0","0","გავიღვიძე,ვიღვიძებ,გაიღვიძე,იღვიძებს,გამეღვიძა,გაღვიძება,გაიღვიძა,გაიღვიძებ"
"646","ოთხი","otkhi","num","four","5.198","288.33","86.26","5.460","4.936","0.4412","0.0219","0","0","ოთხი,ოთხ,ოთხია,ოთხიდან,ოთხს,ოთხის,ოთხზე,ოთხში"
"647","ბევრად","bevrad","adv","much, a lot","5.196","109.75","224.67","5.040","5.352","0.3235","0.0555","0","0","ბევრად,ბევრათ,ბეევრად"
"648","ნივთი","nivti","noun","item, object, thing","5.196","210.21","117.24","5.323","5.069","0.3382","0.0196","0","0","ნივთი,ნივთები,ნივთის,ნივთების,ნივთებს,ნივთს,ნივთზე,ნივთებზე"
"649","ღვინო","ghvino","noun","wine","5.193","221.37","109.91","5.345","5.041","0.3676","0.0146","0","0","ღვინო,ღვინის,ღვინოს,ღვინით,ღვინოში,ღვინოსთან,ღვინოც,ღვინოზე"
"650","ყური","q'uri","noun","ear","5.193","165.56","146.94","5.219","5.167","0.3529","0.0291","0","0","ყურში,ყურის,ყური,ყურები,ყურების,ყურს,ყურებში,ყურებს"
"651","იმდენად","imdenad","adv","so much, to such an extent","5.192","132.08","183.24","5.121","5.263","0.2794","0.0488","0","0","იმდენად,იმდენადაა"
"652","მირჩევნია","mirchevnia","verb","to prefer","5.192","120.91","200.10","5.082","5.301","0.3235","0.0547","0","0","მირჩევნია,ურჩევნია,გირჩევნია,გირჩევნიათ,ურჩევნიათ,მერჩივნა,გერჩივნოს,მირჩევია"
"653","სასიამოვნო","sasiamovno","adj","pleasant, enjoyable, nice","5.190","318.10","75.44","5.503","4.878","0.5294","0.0201","0","0","სასიამოვნო,სასიამოვნოა,სასიამოვნოს"
"654","საერთო","saerto","adj","common, general, total","5.190","128.36","186.90","5.108","5.272","0.3235","0.0435","0","0","საერთო,საერთოს,საერთოა,საერტო,საერთოც,საერთოში"
"655","აღნიშვნა","aghnishvna","verb","to note, to mark, to mention","5.186","146.96","159.95","5.167","5.204","0.3676","0.0371","0","0","აღნიშნავს,აღნიშნა,აღინიშნოს,აღინიშნება,ავღნიშნე,აღვნიშნე,აღნიშნე,ავღნიშნო"
"656","წერილი","ts'erili","noun","letter, writing","5.185","306.94","76.54","5.487","4.884","0.4706","0.0162","0","0","წერილი,წერილები,წერილის,წერილს,წერილში,წერილებს,წერილების,წერილიც"
"657","გამაჩნია","gamachnia","verb","to have, to possess, to depend","5.184","65.11","358.87","4.814","5.555","0.2059","0.0864","0","0","გააჩნია,გააჩნიათ,გამაჩნია,გაგაჩნია,გააჩნდა,გაგაჩნიათ,გაგვაჩნია,გააჩნდათ"
"658","ცემა","tsema","verb","to beat, to hit, to pulsate","5.183","225.09","103.12","5.352","5.013","0.4118","0.0271","0","0","ვცემ,ცემა,სცემს,მცემს,სცემენ,ეცი,ცემით,ეცით"
"659","მანძილი","mandzili","noun","distance","5.182","150.68","153.72","5.178","5.187","0.3235","0.0349","0","0","მანძილზე,მანძილი,მანძილის,მანძილს,მანძილით,მანძილებზე,მანძილია,მანძილიდან"
"660","მეთქი","metqi","particle","I said, quote (quotative particle)","5.181","79.99","287.18","4.903","5.458","0.1912","0.0667","0","0","მეთქი,მეტქი,მეთი,მეთ,მეთქვი"
"661","მამაკაცი","mamak'atsi","noun","man, male","5.180","210.21","109.17","5.323","5.038","0.4118","0.0224","0","0","მამაკაცი,მამაკაცის,მამაკაცს,მამაკაცები,მამაკაცების,მამაკაცებს,მამაკაცებში,მამაკაცში"
"662","დაკავშირება","dak'avshireba","verb","to connect, to link, to contact","5.180","109.75","208.90","5.040","5.320","0.2500","0.0539","0","0","უკავშირდება,დამიკავშირდით,დაკავშირება,დაგვიკავშირდით,დაუკავშირდი,აკავშირებს,დავუკავშირდე,დაუკავშირდით"
"663","გარშემო","garshemo","adv","around, surrounding","5.177","206.48","109.36","5.315","5.039","0.4706","0.0251","0","0","გარშემო,გარშემოც,გარშემოა,გარეშემო"
"664","წაყვანა","ts'aqvana","verb","to take, to lead, to carry","5.177","314.38","71.77","5.497","4.856","0.6324","0.0191","0","0","წაიყვანა,წაიყვანე,წავიყვანო,წაიყვანეს,წაყვანა,წაიყვანენ,წაიყვანს,წაიყვანო"
"665","შესაძლებლობა","shesadzlebloba","noun","possibility, opportunity, capability","5.177","132.08","170.77","5.121","5.232","0.3088","0.0422","0","0","შესაძლებლობა,შესაძლებლობები,შესაძლებლობას,შესაძლებლობების,შესაძლებლობებს,შესაძლებლობის,შესაძლებლობებით,შესაძლებლობებზე"
"666","თმა","tma","noun","hair","5.176","173.00","130.25","5.238","5.115","0.2941","0.0176","0","0","თმა,თმის,თმები,თმას,თმების,თმით,თმაში,თმებს"
"667","არაუშავს","araushavs","interj","it's okay, no problem, not bad","5.176","310.66","72.51","5.492","4.860","0.2941","0.0219","0","0","არაუშავს,არაუშავსო,არაუშავთ,არაუშავდა"
"668","გახარება","gakhareba","verb","to rejoice, to make happy, to gladden","5.176","98.59","228.34","4.994","5.359","0.2500","0.0594","0","0","გაიხარე,ხარობს,გაიხარებს,მახარებს,გავახარე,გაიხაროს,ახარებს,გაგახარებს"
"669","ბურთი","burti","noun","ball","5.176","132.08","170.40","5.121","5.231","0.2059","0.0207","0","0","ბურთი,ბურთის,ბურთს,ბურთების,ბურთით,ბურთები,ბურთებს,ბურთზე"
"670","სასაცილო","sasatsilo","adj","funny, ridiculous, laughable","5.176","284.61","78.92","5.454","4.897","0.4853","0.0218","0","0","სასაცილო,სასაცილოა,სასაცილოც,სასაცილოდაც,სასაცილოები,სასაცილოს"
"671","მტერი","mt'eri","noun","enemy, foe","5.174","262.29","85.16","5.419","4.930","0.3676","0.0185","0","0","მტერი,მტერს,მტრის,მტრები,მტერია,მტერმა,მტრებს,მტრად"
"672","მეზობელი","mezobeli","noun","neighboring, adjacent","5.174","128.36","173.89","5.108","5.240","0.2353","0.0349","0","0","მეზობელი,მეზობელს,მეზობლის,მეზობლები,მეზობელმა,მეზობლებს,მეზობლების,მეზობელთან"
"673","მორჩენა","morchena","verb","to finish, to complete, to recover","5.174","143.24","155.74","5.156","5.192","0.2353","0.0433","0","0","მორჩა,მოვრჩი,მორჩება,მოვრჩები,მორჩეს,მოვრჩეთ,მორჩები,მორჩით"
"674","გმადლობთ","gmadlobt","interj","thank you","5.174","466.92","47.76","5.669","4.679","0.5441","0.0139","0","0","გმადლობთ,გმადლობტ"
"675","დარბაზი","darbazi","noun","hall, assembly hall, palace","5.174","102.31","217.89","5.010","5.338","0.2353","0.0283","0","0","დარბაზი,დარბაზში,დარბაზის,დარბაზები,დარბაზია,დარბაზს,დარბაზებისა,დარბაზებში"
"676","ბედი","bedi","noun","fate, destiny, luck","5.174","273.45","81.49","5.437","4.911","0.4559","0.0225","0","0","ბედი,ბედს,ბედის,ბედია,ბედზე,ბედმა,ბედიც"
"677","რეალური","realuri","adj","real, actual","5.174","98.59","225.77","4.994","5.354","0.2794","0.0519","0","0","რეალური,რეალურ,რეალურია,რეალურს,რელური,რეალურში,რეალურიც,რეალურთან"
"678","ხსნა","khsna","verb","to save, to rescue, to relieve","5.173","79.99","277.47","4.903","5.443","0.2794","0.0709","0","0","ხსნის,იხსნება,ვხსნი,ხსნი,ხსნიან,მიხსნის,ხსნით,ხსნიდა"
"679","დოლარი","dolari","noun","dollar","5.173","98.59","224.67","4.994","5.352","0.1912","0.0395","0","0","დოლარი,დოლარის,დოლარს,დოლარად,დოლარამდე,დოლარში,დოლარზე,დოლარია"
"680","ზღვა","zghva","noun","sea, ocean","5.173","165.56","133.74","5.219","5.126","0.2206","0.0256","0","0","ზღვის,ზღვა,ზღვაზე,ზღვაში,ზღვას,ზღვიდან,ზღვით,ზღვისკენ"
"681","შეჩერება","shechereba","verb","to stop, to halt, to suspend","5.172","533.88","41.34","5.727","4.616","0.6176","0.0119","0","0","შეჩერება,შეაჩერე,შეჩერდა,შეჩერების,შეაჩერებს,შეაჩერა,შეჩერებას,შევჩერდები"
"682","გოგონა","gogona","noun","girl","5.171","452.03","48.67","5.655","4.687","0.5588","0.0116","0","0","გოგონა,გოგონას,გოგონები,გოგონების,გოგონებს,გოგონათა,გოგონებმა,გოგონამ"
"683","მისამართი","misamarti","noun","address","5.169","128.36","169.49","5.108","5.229","0.2059","0.0368","0","0","მისამართი,მისამართზე,მისამართს,მისამართები,მისამართით,მისამართის,მისამართებს,მისამართია"
"684","შორს","shors","adv","far, far away","5.169","210.21","103.49","5.323","5.015","0.4853","0.0293","0","0","შორს,შორსაა,შორსაც,შორსა"
"685","ბილეთი","bileti","noun","ticket","5.167","113.47","190.57","5.055","5.280","0.1765","0.0264","0","0","ბილეთი,ბილეთები,ბილეთს,ბილეთის,ბილეთში,ბილეთებს,ბილეთების,ბილეთია"
"686","რაოდენობა","raodenoba","noun","quantity, amount, number","5.162","61.39","344.02","4.788","5.537","0.1912","0.0626","0","0","რაოდენობა,რაოდენობით,რაოდენობის,რაოდენობას,რაოდენობაზე,რაოდენობაც,რაოდენობისა,რაოდენობაში"
"687","ამოღება","amogheba","verb","to remove, to extract, to withdraw","5.162","135.80","155.00","5.133","5.190","0.3382","0.0348","0","0","ამოიღო,ამოვიღე,ამოიღეს,ამოიღე,ამოიღებ,ამოიღეთ,ამოიღონ,ამოიღებს"
"688","დამატება","damat'eba","verb","to add, to supplement","5.162","61.39","342.73","4.788","5.535","0.1912","0.0734","0","0","დავამატებ,დაემატა,დაემატება,დავამატო,დაამატე,დავამატე,დაამატო,დავამატებდი"
"689","ეჰ","eh","interj","oh well, sigh (expresses regret or resignation)","5.159","124.63","167.10","5.096","5.223","0.2206","0.0493","0","0","ეჰ,ეეჰ,ეჰჰ,ეეეჰ,ეჰჰჰ,ეეეეჰ,ეეეეეჰ,ეჰჰჰჰ"
"690","კვლავ","k'vlav","adv","again, still, yet","5.159","288.33","72.14","5.460","4.858","0.4853","0.0170","0","0","კვლავ,მკვლავ"
"691","ნაგავი","nagavi","noun","trash, garbage, rubbish","5.158","165.56","125.31","5.219","5.098","0.3088","0.0264","0","0","ნაგავი,ნაგავს,ნაგავია,ნაგვის,ნაგავში,ნაგავ,ნაგვით,ნაგავზე"
"692","იმდენი","imdeni","pron","so much, so many, that much","5.158","83.71","247.04","4.923","5.393","0.2206","0.0700","0","0","იმდენი,იმდენს,იმდენ,იმდენია,იმნდენი,იმდენის,იმდენით,იმდენსაც"
"693","დარწმუნება","darts'muneba","verb","to convince, to persuade","5.157","269.73","76.54","5.431","4.884","0.5294","0.0198","0","0","დავრწმუნდი,დარწმუნდეთ,დარწმუნდით,მერწმუნეთ,მერწმუნე,დამერწმუნეთ,დამერწმუნე,დავრწმუნდე"
"694","ბარათი","barati","noun","card, letter","5.157","128.36","160.69","5.108","5.206","0.2500","0.0259","0","0","ბარათი,ბარათის,ბარათით,ბარათს,ბარათზე,ბარათები,ბარათების,ბარათებს"
"695","მიმართ","mimart'","other","towards, to, regarding","5.157","117.19","175.90","5.069","5.245","0.2794","0.0380","0","0","მიმართ,მიმართაც,მიმარტ"
"696","უამრავი","uamravi","adj","numerous, countless, a lot of","5.157","83.71","245.75","4.923","5.390","0.2500","0.0594","0","0","უამრავი,უამრავ,უამრავია,უმარავი,უამრავმა,უამრავს"
"697","საშიში","sashishi","adj","dangerous, risky","5.156","158.12","129.52","5.199","5.112","0.3088","0.0266","0","0","საშიში,საშიშია,საშიშ,საშიშები,საშიშიაო,საშიშიო,საშიშიც"
"698","არსად","arsad","adv","nowhere","5.155","139.52","146.20","5.145","5.165","0.3676","0.0440","0","0","არსად,არსადაა,არსადაც,არასად"
"699","ნათელი","nateli","noun","bright, clear, light","5.152","310.66","64.81","5.492","4.812","0.2647","0.0119","0","0","ნათელი,ნათელში,ნათელს,ნათლის,ნათელია,ნათელ"
"700","შლა","shla","verb","to dismantle, to disassemble, to break down","5.152","98.59","204.14","4.994","5.310","0.2794","0.0546","0","0","უშლის,მეშლება,იშლება,მიშლის,შლის,გიშლის,გეშლება,ვშლი"
"701","ოჰ","oh","interj","oh (expresses surprise or emotion)","5.152","2580.13","7.79","6.412","3.892","0.7794","0.0024","0","0","ოჰ"
"702","ქვემოთ","kvemot'","adv","below, down, downstairs","5.151","217.65","92.31","5.338","4.965","0.3824","0.0257","0","0","ქვემოთ,ქვემოდ,ქვემოთაა"
"703","ბრძანება","brdzaneba","noun","order, command, decree","5.150","392.51","50.87","5.594","4.706","0.3824","0.0089","0","0","ბრძანება,ბრძანებას,ბრძანებით,ბრძანების,ბრძანებებს,ბრძანებები,ბრძანებების,ბრძანებებით"
"704","არცერთი","artserti","pron","neither, not a single one","5.149","102.31","194.05","5.010","5.288","0.2500","0.0567","0","0","არცერთი,არცერთ,არცერთს,არცერთმა,არცერთზე,არცერთის,არცერთში,არცერთია"
"705","თევზი","t'evzi","noun","fish","5.148","165.56","119.44","5.219","5.077","0.2941","0.0151","0","0","თევზი,თევზის,თევზს,თევზები,თევზების,თევზებს,თევზია,თევზით"
"706","მოქალაქე","mokalakhe","noun","citizen","5.148","284.61","69.39","5.454","4.841","0.2059","0.0156","0","0","მოქალაქე,მოქალაქეები,მოქალაქეს,მოქალაქეებს,მოქალაქის,მოქალაქეების,მოქალაქეთა,მოქალაქემ"
"707","დაცემა","datsema","verb","to fall, to drop, to decline","5.146","266.01","73.79","5.425","4.868","0.5000","0.0207","0","0","დაეცა,დაეცემა,ეცემა,დავეცი,დაცემის,დაცემა,მეცა,დაეცეს"
"708","გამარჯვება","gamarjveba","noun","victory, win","5.146","150.68","129.89","5.178","5.114","0.2500","0.0152","0","0","გამარჯვება,გამარჯვების,გამარჯვებას,გამარჯვებით,გამარჯვებები,გამარჯვებაზე,გამარჯვებაა,გამარჯვებების"
"709","მამაჩემი","mamachemi","noun","my father","5.146","325.54","60.04","5.513","4.778","0.3676","0.0141","0","0","მამაჩემი,მამაჩემს,მამაჩემის,მამაჩემმა,მამაჩემსაც,მამაჩემზე"
"710","ტირილი","Tirili","verb","crying, weeping","5.145","288.33","67.74","5.460","4.831","0.2941","0.0129","0","0","ტირის,ვიტირო,ვტირი,ტიროდა,უტირეს,ტირიან,ტირი,ვიტირე"
"711","ოქრო","okro","noun","gold","5.144","184.16","105.51","5.265","5.023","0.3382","0.0201","0","0","ოქროს,ოქრო,ოქროა,ოქროზე,ოქროსი,ოქროთი,ოქროები,ოქროებს"
"712","ფაილი","paili","noun","file","5.144","68.83","282.05","4.838","5.450","0.0882","0.0367","0","0","ფაილი,ფაილები,ფაილს,ფაილის,ფაილების,ფაილებს,ფაილში,ფაილია"
"713","სინამდვილეში","sinamdvileshi","adv","in reality, actually, in fact","5.144","206.48","93.96","5.315","4.973","0.5000","0.0261","0","0","სინამდვილეში"
"714","შოვნა","shovna","verb","to earn, to find, to acquire","5.144","76.27","254.18","4.882","5.405","0.1324","0.0565","0","0","იშოვება,იშოვი,შოვნა,ვიშოვო,ვიშოვე,იშოვო,შოულობს,იშოვა"
"715","არხი","arkhi","noun","channel, canal","5.143","72.55","266.10","4.861","5.425","0.0882","0.0340","0","0","არხი,არხზე,არხის,არხები,არხს,არხების,არხია,არხებს"
"716","შენახვა","shenakhva","verb","to keep, to store, to preserve","5.142","187.88","102.57","5.274","5.011","0.4265","0.0228","0","0","შენახვა,ინახება,შეინახო,შეინახეთ,შეინახე,შევინახო,შენახვას,შესანახად"
"717","აჰა","aha","particle","here you go, aha, yes","5.142","187.88","102.39","5.274","5.010","0.3235","0.0302","0","0","აჰა,აჰააა,აჰაა"
"718","მწვანე","mts'vane","adj","green","5.142","143.24","134.29","5.156","5.128","0.1912","0.0236","0","0","მწვანე,მწვანეა,მწვანეს,მწვანეები,მწვანეზე,მწვანეში,მწუანე"
"719","ჯანმრთელობა","janmrteloba","noun","health","5.142","102.31","187.82","5.010","5.274","0.2647","0.0378","0","0","ჯანმრთელობის,ჯანმრთელობას,ჯანმრთელობისთვის,ჯანმრთელობა,ჯანმრთელობაზე,ჯანმრთელობისათვის,ჯანმრთელობაა,ჯამრთელობას"
"720","ნაბიჯი","nabiji","noun","step","5.141","210.21","91.21","5.323","4.960","0.3971","0.0221","0","0","ნაბიჯი,ნაბიჯს,ნაბიჯები,ნაბიჯია,ნაბიჯით,ნაბიჯზე,ნაბიჯ,ნაბიჯის"
"721","უფასო","upaso","adj","free (of charge)","5.141","83.71","228.70","4.923","5.359","0.2206","0.0478","0","0","უფასო,უფასოა,უფასოს,უფასოც,უფასოები,უფასოზე,უფასოაო"
"722","წაშლა","ts'ashla","verb","to erase, to delete, to wipe off","5.140","128.36","148.22","5.108","5.171","0.1765","0.0349","0","0","წავშალე,წაშალე,წაშლა,წაშლის,წავშალო,წაშალო,წაშალოს,წამეშალა"
"723","ნაკლები","nak'lebi","adj","less, fewer","5.139","65.11","291.77","4.814","5.465","0.1765","0.0717","0","0","ნაკლები,ნაკლებ,ნაკლებია,ნაკლებს,ნაკლებიც,ნაკლების,ნაკლ,ნაკლებში"
"724","დაძინება","dadzineba","verb","to fall asleep, to go to sleep","5.139","184.16","103.12","5.265","5.013","0.3824","0.0236","0","0","ვიძინებ,დავიძინე,დავიძინო,ვიძინებდი,დაიძინე,დავიძინებ,დაიძინო,დაძინება"
"725","კამერა","k'amera","noun","camera, chamber","5.139","135.80","139.60","5.133","5.145","0.1765","0.0160","0","0","კამერა,კამერის,კამერები,კამერას,კამერით,კამერების,კამერაში,კამერებს"
"726","განსხვავებული","ganskhvavebuli","adj","different, distinct","5.139","139.52","135.75","5.145","5.133","0.3382","0.0346","0","0","განსხვავებული,განსხვავებულ,განსხვავებულია,განსხვავებულები,განსხვავებულს"
"727","მომსახურება","momsakhureba","noun","service","5.137","139.52","134.65","5.145","5.129","0.1765","0.0200","0","0","მომსახურება,მომსახურების,მომსახურებას,მომსახურებით,მომსახურებაზე,მომსახურებაც,მომსახურებაში,მომსახურეობა"
"728","ყველგან","q'velgan","adv","everywhere","5.137","94.87","197.72","4.977","5.296","0.2794","0.0552","0","0","ყველგან,ყველგანაა,ყველაგან"
"729","მშობელი","mshobeli","noun","parent","5.136","143.24","130.44","5.156","5.115","0.2647","0.0221","0","0","მშობლები,მშობლებს,მშობლების,მშობელი,მშობლის,მშობლებმა,მშობელს,მშობლებთან"
"730","ისედაც","isedats","adv","anyway, already, even so","5.136","91.15","204.87","4.960","5.311","0.1912","0.0600","0","0","ისედაც"
"731","ღია","ghia","adj","open, light (color)","5.136","128.36","145.47","5.108","5.163","0.2941","0.0321","0","0","ღია,გია,ღიაა,ღიას"
"732","ოდესმე","odesme","adv","ever","5.135","310.66","60.04","5.492","4.778","0.5441","0.0184","0","0","ოდესმე"
"733","სუნთქვა","suntk'va","verb","breath, breathing","5.135","213.93","87.17","5.330","4.940","0.2941","0.0123","0","0","სუნთქვა,ვსუნთქავ,სუნთქვას,სუნთქავ,სუნთქავს,ისუნთქო,ვსუნთქავდი,სუნთქვაზე"
"734","არადა","arada","conj","even though, whereas, in fact","5.135","31.62","589.68","4.500","5.771","0.1029","0.1454","0","0","არადა,არად,არდა"
"735","განვითარება","ganvitareba","noun","development, growth","5.135","46.51","400.30","4.668","5.602","0.1176","0.0473","0","0","განვითარება,ვითარდება,განვითარდეს,განვითარდა,განვითარდება,განვითარებისათვის,ავითარებს,განვითარდნენ"
"736","მკურნალობა","mk'urnaloba","noun","treatment, therapy, cure","5.134","50.23","369.13","4.701","5.567","0.1176","0.0278","0","0","მკურნალობა,მკურნალობის,მკურნალობას,მკურნალობაზე,მკურნალობაც,მკურნალობისას,მკურნალობამ,მკურნალობისა"
"737","დაბალი","dabali","adj","low, short","5.133","68.83","268.48","4.838","5.429","0.1324","0.0616","0","0","დაბალი,დაბალ,დაბალია,დაბალზე,დაბლები,დაბალმა,დაბალს,უდაბლეს"
"738","აქამდე","ak'amde","adv","until now, so far, hitherto","5.133","117.19","157.39","5.069","5.197","0.3235","0.0463","0","0","აქამდე,აქამდეც,აქმდე"
"739","რეალურად","realurad","adv","actually, really, in reality","5.133","87.43","210.92","4.942","5.324","0.2059","0.0558","0","0","რეალურად,რელურად,რეალურადაც"
"740","სერიოზულად","seriozulad","adv","seriously","5.132","154.40","119.07","5.189","5.076","0.3529","0.0356","0","0","სერიოზულად,სერიოზულადაა"
"741","თუკი","tuki","conj","if, if indeed","5.132","202.76","90.66","5.307","4.957","0.1618","0.0182","0","0","თუკი"
"742","სწრაფი","sts'rapi","adj","fast, quick, rapid","5.132","113.47","161.60","5.055","5.208","0.3235","0.0326","0","0","სწრაფი,სწრაფია,სწრაფ,უსწრაფესი,სწრაფები,სწრაფიცაა,უსწრაფესია"
"743","გათვალისწინება","gatvalists'ineba","verb","to take into account, to consider","5.132","87.43","209.64","4.942","5.321","0.1618","0.0448","0","0","გაითვალისწინეთ,გაითვალისწინე,გავითვალისწინებთ,ითვალისწინებს,გავითვალისწინებ,გაითვალისწინო,გავითვალისწინოთ,გაითვალისწინოთ"
"744","რა თქმა უნდა","ra tkma unda","adv","of course","5.130","94.87","191.67","4.977","5.283","0.0735","0.0479","0","0","რათქმაუნდა,თქმაუნდა,რაღათქმაუნდა,რათქმოუნდა,რატქმაუნდა,რათმაუნდა,რათქმა,რათქმუნდა"
"745","გამეორება","gameoreba","verb","to repeat, to reiterate","5.130","146.96","123.66","5.167","5.092","0.3529","0.0316","0","0","ვიმეორებ,გამეორება,მეორდება,გავიმეორებ,იმეორებს,გამეორებას,იმეორებ,იმეორებენ"
"746","ოფისი","opisi","noun","office","5.129","184.16","98.36","5.265","4.993","0.3529","0.0198","0","0","ოფისში,ოფისი,ოფისის,ოფისს,ოფის,ოფისები,ოფისიდან,ოფისებში"
"747","შოუ","shou","noun","show","5.128","139.52","128.97","5.145","5.110","0.1765","0.0172","0","0","შოუ,შოუს,შოუა,შოუში,შოუზე,შოუები,შოუებს,შოუსთვის"
"748","კეთილი","k'etili","adj","kind, good, benevolent","5.127","195.32","91.76","5.291","4.963","0.4118","0.0262","0","0","კეთილი,კეთილ,კეთილო,კეთილები,კეთილია,კეთილის,კეთილმა"
"749","ბაზარი","bazari","noun","market, bazaar","5.125","72.55","244.84","4.861","5.389","0.1471","0.0533","0","0","ბაზარი,ბაზარზე,ბაზრის,ბაზარში,ბაზარია,ბაზარს,ბაზართან,ბაზრიდან"
"750","საბოლოოდ","sabolood","adv","finally, ultimately, eventually","5.123","135.80","129.70","5.133","5.113","0.2941","0.0357","0","0","საბოლოოდ,საბოლოდ"
"751","გატარება","gat'areba","verb","to spend (time), to conduct, to carry out","5.122","202.76","86.62","5.307","4.938","0.4559","0.0243","0","0","გავატარე,გაატარა,გატარება,გაატარო,გაატარებს,გაატარე,გაატაროს,გატარების"
"752","პატივი","p'at'ivi","noun","honor, respect","5.121","288.33","60.59","5.460","4.782","0.4412","0.0180","0","0","პატივს,პატივი,პატივია,პატივის,პატივში,პატივსაც"
"753","უი","ui","interj","oops, oh (expresses surprise or realization)","5.121","206.48","84.42","5.315","4.926","0.1471","0.0248","0","0","უი,უიი,უიიი"
"754","მე მგონი","me mgoni","adv","I think, it seems to me","5.118","72.55","237.32","4.861","5.375","0.1029","0.0642","0","0","მემგონი"
"755","მშვიდობა","mshvidoba","noun","peace","5.118","500.40","34.37","5.699","4.536","0.6029","0.0097","0","0","მშვიდობისა,მშვიდობა,მშვიდობის,მშვიდობაში,მშვიდობაა,მშვიდობას"
"756","უკაცრავად","uk'atsravad","interj","excuse me, sorry","5.118","463.20","37.12","5.666","4.570","0.5882","0.0118","0","0","უკაცრავად"
"757","დაპირება","dap'ireba","verb","promise","5.117","325.54","52.71","5.513","4.722","0.5441","0.0140","0","0","გპირდებით,გპირდები,დამპირდი,გვპირდება,დააპირებ,დავაპირე,გვპირდებიან,დავაპირებ"
"758","მეცნიერება","metsniereba","noun","science","5.116","91.15","187.45","4.960","5.273","0.1618","0.0216","0","0","მეცნიერება,მეცნიერების,მეცნიერებას,მეცნიერებაში,მეცნიერებათა,მეცნიერებაა,მეცნიერებები,მეცნიერებებში"
"759","მაშ","mash","particle","then, in that case","5.114","254.85","66.27","5.406","4.821","0.3088","0.0189","0","0","მაშ,მააშ"
"760","მიმართვა","mimart'va","verb","to address, to appeal, to apply","5.114","98.59","171.14","4.994","5.233","0.3676","0.0423","0","0","მივმართო,მიმართოთ,მიმართეთ,მიმართო,მიმართე,მიმართა,მიმართვა,მიმართავენ"
"761","არჩევანი","archevani","noun","choice, option","5.113","128.36","131.17","5.108","5.118","0.2941","0.0313","0","0","არჩევანი,არჩევანის,არჩევანია,არჩევანს,არჩევანიც,არჩევანზე,არჩევანში,არჩევნის"
"762","ხანდახან","khandakhan","adv","sometimes, occasionally","5.113","102.31","164.35","5.010","5.216","0.2353","0.0446","0","0","ხანდახან,ხანდისხან"
"763","ჭკვიანი","ch'k'viani","adj","smart, clever, intelligent","5.112","195.32","85.89","5.291","4.934","0.4118","0.0207","0","0","ჭკვიანი,ჭკვიანია,ჭკვიანები,ჭკვიან,ჭკვიანმა,უჭკვიანესი,ჭკვიანს,ჭკვიანიც"
"764","ეჭვი","echvi","noun","doubt, suspicion","5.112","146.96","113.94","5.167","5.057","0.3676","0.0337","0","0","ეჭვი,ეჭვის,ეჭვები,ეჭვიც,ეჭვს,ეჭვებს,ეჭვია,ეჭვით"
"765","მოგვიანებით","mogvianebit","adv","later, subsequently","5.112","243.69","68.66","5.387","4.837","0.5294","0.0176","0","0","მოგვიანებით"
"766","წაღება","ts'agheba","verb","to take away, to carry away","5.111","184.16","90.66","5.265","4.957","0.3971","0.0262","0","0","წაიღო,წაიღებს,წაიღე,წაიღეს,წაიღოს,წაიღეთ,წავიღე,წავიღო"
"767","ჩატარება","chat'areba","verb","to conduct, to hold, to carry out","5.111","68.83","242.27","4.838","5.384","0.1912","0.0530","0","0","ჩატარდება,ჩატარდა,ჩატარება,ჩაატარა,ჩატარების,ჩატარდეს,ჩავიტარე,ჩაატარეს"
"768","იქიდან","ikidan","adv","from there, thence","5.109","109.75","150.79","5.040","5.178","0.2647","0.0446","0","0","იქიდან,იქედან,იქიდანაც,იქედანაც"
"769","წოდება","ts'odeba","verb","to call, to name","5.109","165.56","99.64","5.219","4.998","0.3676","0.0237","0","0","უწოდებენ,უწოდებს,ვუწოდოთ,უწოდა,უწოდეს,უწოდებ,ეწოდა,უწოდებდნენ"
"770","ცალი","tsali","noun","one (item), piece, single","5.107","87.43","187.45","4.942","5.273","0.1324","0.0362","0","0","ცალი,ცალს,ცალის,ცალზე,ცალში,ცალ"
"771","შენარჩუნება","shenarchuneba","verb","preservation, maintenance, retention","5.107","176.72","92.67","5.247","4.967","0.5000","0.0234","0","0","შენარჩუნება,ინარჩუნებს,შესანარჩუნებლად,შეინარჩუნოს,შენარჩუნებას,შევინარჩუნო,შეინარჩუნა,შენარჩუნების"
"772","ატანა","at'ana","verb","to endure, to tolerate, to bear","5.105","135.80","119.62","5.133","5.078","0.2206","0.0296","0","0","ვიტან,იტანს,ვიტანდი,იტანენ,ავიტან,აიტანს,იტანდა,აიტან"
"773","პოზიცია","p'ozitsia","noun","position, stance","5.105","113.47","142.90","5.055","5.155","0.2059","0.0280","0","0","პოზიცია,პოზიციაზე,პოზიციის,პოზიციას,პოზიციიდან,პოზიციები,პოზიციაში,პოზიციებზე"
"774","ერთ-ერთი","erterti","pron","one of, one of them","5.105","35.34","458.78","4.548","5.662","0.0735","0.1054","0","0","ერთ-ერთი,ერთერთი,ერთ-ერთ,ერთერთ,ერთ-ერთმა,ერთ-ერთს,ერთერთმა,ერთერთს"
"775","რადიო","radio","noun","radio","5.104","135.80","119.07","5.133","5.076","0.2206","0.0123","0","0","რადიო,რადიოს,რადიოში,რადიოა,რადიოზე,რადიომ,რადიოთი,რადიოებს"
"776","ორჯერ","orjer","adv","twice, two times","5.104","124.63","129.70","5.096","5.113","0.3235","0.0359","0","0","ორჯერ,ორჯელ"
"777","სია","sia","noun","list","5.104","117.19","137.59","5.069","5.139","0.1618","0.0326","0","0","სიაში,სია,სიას,სიის,სიიდან,სიები,სიაშია,სიაა"
"778","პური","p'uri","noun","bread","5.103","120.91","132.82","5.082","5.123","0.2941","0.0214","0","0","პური,პურის,პურს,პურზე,პურით,პურიც,პურები,პურსაც"
"779","წელიწადი","ts'elits'adi","noun","year","5.103","94.87","169.12","4.977","5.228","0.2500","0.0409","0","0","წელიწადში,წელიწადი,წელიწადია,წელიწადს,წელიწადზე,წელიწადის,წელიწად,წლიწადში"
"780","დაკვირვება","dak'virveba","verb","observation, surveillance","5.103","72.55","221.00","4.861","5.344","0.2059","0.0526","0","0","დავაკვირდი,დააკვირდი,ვაკვირდები,დააკვირდით,დაკვირვება,დააკვირდები,დააკვირდე,დაკვირვების"
"781","დენი","deni","noun","current (electric), flow","5.102","135.80","117.79","5.133","5.071","0.1324","0.0190","0","0","დენის,დენი,დენს,დენზე,დენ,დენით,დენიც,დენმა"
"782","მონაწილეობა","monatsileoba","noun","participation","5.102","79.99","199.92","4.903","5.301","0.1912","0.0338","0","0","მონაწილეობა,მონაწილეობას,მონაწილეობის,მონაწილეობით,მონაწილეობაზე,მონაწილეობისათვის,მონაწილეობაც,მონაწილეობს"
"783","რაღა","ragha","particle","what else, why","5.101","76.27","208.90","4.882","5.320","0.1176","0.0510","0","0","რაღა,რაგა,რარა,რაღამ,რაღას,რაღაა,რაღაში,რაღააა"
"784","მაღლა","maghla","adv","up, above, high","5.101","202.76","78.56","5.307","4.895","0.2794","0.0214","0","0","მაღლა,მაღლაა,მაღლაც"
"785","დასავლეთი","dasavleti","noun","West, occident","5.101","199.04","80.02","5.299","4.903","0.1912","0.0170","0","0","დასავლეთ,დასავლეთში,დასავლეთის,დასავლეთი,დასავლეთიდან,დასავლეთით,დასავლეთს,დასავლეთმა"
"786","შესაბამისად","shesabamisad","adv","accordingly, consequently, appropriately","5.100","50.23","315.78","4.701","5.499","0.1765","0.0728","0","0","შესაბამისად,შესაბამისაც,შესაბამისადაც,შესაბამისა"
"787","კიდეც","kidets","particle","also, indeed, even","5.100","91.15","173.52","4.960","5.239","0.2647","0.0499","0","0","კიდეც"
"788","შესანიშნავი","shesanishnavi","adj","excellent, wonderful, magnificent","5.099","310.66","50.87","5.492","4.706","0.5441","0.0131","0","0","შესანიშნავი,შესანიშნავია,შესანიშნავ"
"789","მიჭირს","mich'irs","verb","to find difficult, to have difficulty","5.098","61.39","256.38","4.788","5.409","0.2059","0.0659","0","0","მიჭირს,უჭირს,გაგიჭირდება,უჭირთ,გამიჭირდა,გაუჭირდება,გვიჭირს,გიჭირს"
"790","გვიან","gvian","adv","late","5.098","199.04","78.92","5.299","4.897","0.3971","0.0230","0","0","გვიან,გვიანაა"
"791","მიყვანა","miqvana","verb","to bring, to lead, to take","5.098","135.80","115.41","5.133","5.062","0.3824","0.0299","0","0","მიყავს,მიყვანა,მიიყვანა,მიყავდა,მივიყვანო,მიჰყავს,მივყავართ,მიიყვანე"
"792","წინასწარ","ts'inasts'ar","adv","in advance, beforehand","5.097","50.23","310.83","4.701","5.493","0.1471","0.0906","0","0","წინასწარ,წინაწარ,წიანსწარ,წინასწარაა"
"793","საზოგადოება","sazogadoeba","noun","society, community","5.096","83.71","185.99","4.923","5.269","0.2059","0.0340","0","0","საზოგადოების,საზოგადოება,საზოგადოებაში,საზოგადოებას,საზოგადოებისთვის,საზოგადოებამ,საზოგადოებასთან,საზოგადოებისათვის"
"794","დამსახურება","damsakhureba","noun","to deserve, to earn","5.096","165.56","93.96","5.219","4.973","0.3235","0.0200","0","0","იმსახურებს,დამსახურება,იმსახურებენ,დაიმსახურა,იმსახურებდა,იმსახურებ,დაიმსახურეს,ვიმსახურებ"
"795","სიგარეტი","sigaret'i","noun","cigarette","5.095","106.03","146.39","5.025","5.166","0.1765","0.0199","0","0","სიგარეტი,სიგარეტს,სიგარეტის,სიგარეტზე,სიგარეტსაც,სიგარეტით,სიგარეტში,სიგარეტები"
"796","გადაღება","gadagheba","verb","to film, to shoot (a movie/photo), to copy","5.094","87.43","176.45","4.942","5.247","0.2500","0.0340","0","0","გადაღება,გადავიღე,გადაიღო,გადაიღე,გადაღების,გადაიღეს,გადაღებას,გადავიღებ"
"797","ხუთი","khuti","num","five","5.093","284.61","53.99","5.454","4.732","0.4118","0.0149","0","0","ხუთი,ხუთ,ხუთს,ხუთიდან,ხუთზე,ხუთის,ხუთში"
"798","შიგნით","shignit","adv","inside, within","5.093","150.68","101.66","5.178","5.007","0.3382","0.0284","0","0","შიგნით,შიგნითაც,შიგნითაა"
"799","თითი","titi","noun","finger, toe","5.092","143.24","106.61","5.156","5.028","0.2794","0.0252","0","0","თითი,თითის,თითები,თითზე,თითებს,თითს,თითების,თითით"
"800","კურსი","k'ursi","noun","course, rate","5.092","68.83","221.74","4.838","5.346","0.1912","0.0391","0","0","კურსი,კურსები,კურსის,კურსს,კურსზე,კურსებზე,კურსში,კურსით"
"801","თითოეული","tit'oeuli","pron","each, every (one)","5.091","143.24","106.06","5.156","5.026","0.3088","0.0266","0","0","თითოეული,თითოეულ,თითოეულს,თითოეულმა,თვითოეულ,თითოეულის,თითეული,თვითოეული"
"802","ავტობუსი","avt'obusi","noun","bus","5.090","94.87","159.77","4.977","5.203","0.1324","0.0140","0","0","ავტობუსი,ავტობუსები,ავტობუსის,ავტობუსების,ავტობუსში,ავტობუსით,ავტობუსს,ავტობუსზე"
"803","სფერო","spero","noun","sphere, field, area","5.090","76.27","198.64","4.882","5.298","0.1912","0.0407","0","0","სფეროში,სფერო,სფეროს,სფეროა,სფეროებში,სფეროები,სფეროდან,სფეროების"
"804","წვევა","ts'veva","verb","to call, to summon, to draft","5.090","68.83","219.54","4.838","5.342","0.1912","0.0450","0","0","იწვევს,იწვევენ,ეწვიეთ,იწვევდეს,იწვევდა,იწვევსო,გიწვევთ,ეწვევა"
"805","შემცირება","shemtsireba","verb","to reduce, to decrease, to cut","5.090","98.59","153.17","4.994","5.185","0.1912","0.0283","0","0","ამცირებს,შემცირება,მცირდება,შემცირდა,შემცირდება,შემცირდეს,შეამცირო,შეამცირებს"
"806","სუსტი","sust'i","adj","weak, feeble","5.089","102.31","147.30","5.010","5.168","0.3235","0.0352","0","0","სუსტი,სუსტია,სუსტ,სუსტები,სუსტს,სუსტებს,სუსტმა,სუსტის"
"807","დაკავება","dak'aveba","verb","to arrest, to detain, to occupy","5.089","161.84","93.04","5.209","4.969","0.3382","0.0237","0","0","იკავებს,დაიკავა,ვიკავებ,დაკავება,დაიკავებს,დააკავეს,დაკავების,აკავებს"
"808","მიმართულება","mimart'uleba","noun","direction, course","5.089","79.99","188.00","4.903","5.274","0.2206","0.0384","0","0","მიმართულებით,მიმართულება,მიმართულების,მიმართულებას,მიმართულებები,მიმართულებაზე,მიმართულებაა,მიმართულებითაც"
"809","ჩვეულებრივი","chveulebrivi","adj","ordinary, usual, common","5.088","72.55","207.07","4.861","5.316","0.2353","0.0542","0","0","ჩვეულებრივი,ჩვეულებრივზე,ჩვეულებრივია,ჩვეულებრივმა,ჩვეულებრივს,ჩვოულებრივი"
"810","მისალმება","misalmeba","verb","to greet, to salute","5.088","98.59","152.25","4.994","5.183","0.2353","0.0489","0","0","მოგესალმებით,მივესალმები,მივესალმებით,მისალმება,მივესალმოთ,მიესალმება,მოგესალმები"
"811","მონაცემი","monatsemi","noun","data, datum, information","5.088","72.55","206.89","4.861","5.316","0.1765","0.0441","0","0","მონაცემები,მონაცემების,მონაცემთა,მონაცემებს,მონაცემებით,მონაცემი,მონაცემებზე,მონაცემებიც"
"812","ცხენი","tskeni","noun","horse","5.088","295.78","50.69","5.471","4.705","0.3971","0.0096","0","0","ცხენი,ცხენის,ცხენები,ცხენზე,ცხენს,ცხენების,ცხენებს,ცხენით"
"813","წევრი","ts'evri","noun","member","5.088","91.15","164.35","4.960","5.216","0.2059","0.0367","0","0","წევრი,წევრები,წევრებს,წევრს,წევრების,წევრის,წევრია,წევრმა"
"814","ფანჯარა","panjara","noun","window","5.088","161.84","92.49","5.209","4.966","0.4118","0.0214","0","0","ფანჯარა,ფანჯარაში,ფანჯრიდან,ფანჯარას,ფანჯრის,ფანჯრები,ფანჯარასთან,ფანჯარაზე"
"815","დანაშაული","danashauli","noun","crime, offense","5.087","258.57","57.84","5.413","4.762","0.3676","0.0122","0","0","დანაშაული,დანაშაულის,დანაშაულია,დანაშაულს,დანაშაულად,დანაშაულზე,დანაშაულების,დანაშაულები"
"816","მოქცევა","moqtseva","verb","to behave, to act, to convert","5.087","176.72","84.42","5.247","4.926","0.3529","0.0250","0","0","მოვიქცე,მოიქცე,მოქცევა,მოიქცა,მოვიქეცი,მოიქეცი,მოიქცეს,მოიქცევა"
"817","დამალვა","damalva","verb","to hide, to conceal","5.087","225.09","66.27","5.352","4.821","0.3824","0.0177","0","0","იმალება,მალავენ,მალავს,დამალვა,იმალებოდა,მალავდა,დამალვას,მალავ"
"818","გაძლება","gadzleba","verb","to endure, to tolerate, to last","5.085","124.63","118.52","5.096","5.074","0.2941","0.0302","0","0","ძლებს,უძლებს,გაუძლებს,გაუძლო,გაძლებს,გაუძლოს,გაძლება,გაძლო"
"819","ვარიანტი","variant'i","noun","variant, option, version","5.084","42.79","344.02","4.631","5.537","0.1029","0.0810","0","0","ვარიანტი,ვარიანტია,ვარიანტში,ვარიანტები,ვარიანტს,ვარიანტის,ვარიანტიც,ვარიანტებია"
"820","მოვლენა","movlena","noun","event, phenomenon","5.083","87.43","167.84","4.942","5.225","0.2059","0.0352","0","0","მოვლენა,მოვლენები,მოვლენების,მოვლენაა,მოვლენებს,მოვლენის,მოვლენას,მოვლენებზე"
"821","განსაკუთრებული","gansak'utrebuli","adj","special, particular, exceptional","5.082","143.24","102.02","5.156","5.009","0.3824","0.0279","0","0","განსაკუთრებული,განსაკუთრებულ,განსაკუთრებულს,განსაკუთრებულია,განსაკუთრებულები"
"822","მიხედვა","mikhedva","verb","to look after, to take care of, to attend to","5.082","146.96","99.27","5.167","4.997","0.2059","0.0267","0","0","მიხედე,მიხედოს,მივხედავ,მიხედონ,მიხედავს,მიხედეთ,მივხედო,მიხედავენ"
"823","კუთხე","k'utkhe","noun","corner, angle","5.082","102.31","142.35","5.010","5.153","0.2794","0.0348","0","0","კუთხით,კუთხეში,კუთხე,კუთხის,კუთხიდან,კუთხეებში,კუთხეს,კუთხეები"
"824","დედაჩემი","dedachemi","noun","my mother","5.082","266.01","54.72","5.425","4.738","0.4118","0.0131","0","0","დედაჩემი,დედაჩემს,დედაჩემის,დედაჩემმა,დედაჩემზე,დედაჩემია,დედაჩემსაც,დედაჩემთან"
"825","გადატანა","gadat'ana","verb","to transfer, to move, to postpone","5.081","87.43","165.82","4.942","5.220","0.2647","0.0443","0","0","გადატანა,გადავიტანე,გადაიტანე,გადაიტანა,გადაიტანეთ,გადაიტანეს,გადავიტან,გადაიტანოს"
"826","მოწოდება","motsodeba","verb","call, appeal, supply","5.079","202.76","70.86","5.307","4.850","0.3676","0.0126","0","0","მოუწოდებს,მომაწოდეთ,მოუწოდა,მოგიწოდებთ,მოვუწოდებთ,მოვუწოდებ,მომაწოდე,მოგაწოდო"
"827","ნაკლებად","nak'lebad","adv","less, less so","5.079","91.15","157.57","4.960","5.197","0.2206","0.0441","0","0","ნაკლებად,ნაკლებადაა,ნაკლებადაც,ნაკლებათ"
"828","მდიდარი","mdidari","adj","rich, wealthy","5.078","169.28","84.79","5.229","4.928","0.2206","0.0164","0","0","მდიდარი,მდიდარ,მდიდარია,მდიდრები,უმდიდრესი,მდიდარმა,მდიდარს,მდიდრების"
"829","გაცემა","gatsema","verb","to give out, to issue, to hand over","5.077","91.15","156.65","4.960","5.195","0.2353","0.0410","0","0","გაცემა,გასცემს,გაიცემა,გაცემის,გასცა,გასცეს,გავეცი,გაეცი"
"830","ქვა","kva","noun","stone, rock","5.077","139.52","102.21","5.145","5.009","0.3088","0.0172","0","0","ქვა,ქვის,ქვას,ქვები,ქვაზე,ქვების,ქვებით,ქვებს"
"831","მტკივა","mtkiva","verb","to hurt, to ache","5.076","113.47","125.31","5.055","5.098","0.2941","0.0224","0","0","მტკივა,მტკიოდა,გტკივა,ტკივა,სტკივა,შემტკივა,გტკიოდეს,მტკივაო"
"832","გამართვა","gamartva","verb","to hold, to organize, to justify","5.075","195.32","72.32","5.291","4.859","0.3088","0.0179","0","0","გაიმართება,გაიმართა,გამართავს,გამართვა,გამართა,გამართეს,გამართვის,გამართვას"
"833","გამოწვევა","gamots'veva","verb","to challenge, to call out","5.075","91.15","154.64","4.960","5.189","0.1765","0.0315","0","0","გამოიწვია,გამოიწვიოს,გამოიწვევს,გამოიწვევდა,გამოეწვია,გამოუწვევია,გამოიწვიოსო,გამოიწვიონ"
"834","საიდუმლო","saidumlo","noun","secret, mystery","5.073","217.65","64.44","5.338","4.809","0.4118","0.0156","0","0","საიდუმლო,საიდუმლოს,საიდუმლოდ,საიდუმლოა"
"835","შე","she","particle","you (vocative particle used with insults)","5.073","132.08","105.87","5.121","5.025","0.2353","0.0281","0","0","შე"
"836","ტყუილი","t'q'uili","noun","to lie, lie (noun)","5.072","146.96","94.87","5.167","4.977","0.2794","0.0192","0","0","ტყუილი,ტყუილია,ტყუილს,ტყუილის,ტყუილები,ტყუილებს,ტყუილების,ტყუილში"
"837","კლასი","k'lasi","noun","class, classroom, grade","5.072","83.71","166.37","4.923","5.221","0.2059","0.0284","0","0","კლასის,კლასში,კლასი,კლასიდან,კლასს,კლასებში,კლასია,კლასები"
"838","დანა","dana","noun","knife","5.072","273.45","50.87","5.437","4.706","0.3676","0.0087","0","0","დანა,დანის,დანით,დანას,დანები,დანებით,დანების,დანებს"
"839","კანი","k'ani","noun","skin, hide","5.071","98.59","140.52","4.994","5.148","0.2206","0.0179","0","0","კანის,კანი,კანზე,კანს,კანში,კანისთვის,კანიდან,კანზეც"
"840","ესე იგი","ese igi","conj","so, therefore, that is","5.071","79.99","172.97","4.903","5.238","0.0882","0.0523","0","0","ესეიგი,ესეგი,ესიგი,ესეეგი"
"841","უფალი","upali","noun","Lord, master","5.070","359.02","38.41","5.555","4.584","0.3971","0.0073","0","0","უფალო,უფალი,უფლის,უფალმა,უფალს,უფლისა,უფალთან,უფლისგან"
"842","ძვირი","dzviri","adj","expensive, costly","5.070","57.67","238.97","4.761","5.378","0.1912","0.0512","0","0","ძვირი,ძვირია,ძვირიც,ძვირს,ძვირებია,ძვირები,ძვირიაო,ძვირ"
"843","ადგომა","adgoma","verb","to stand up, to get up","5.069","150.68","91.02","5.178","4.959","0.3382","0.0260","0","0","ავდექი,ადექი,ადგა,ადგება,ადგომა,ადგე,ავდგები,ავდგე"
"844","ხასიათი","khasiati","noun","character, nature, disposition","5.068","106.03","128.97","5.025","5.110","0.2500","0.0319","0","0","ხასიათზე,ხასიათი,ხასიათის,ხასიათს,ხასიათით,ხასიათისაა,ხასიათში,ხასიათზეა"
"845","პერიოდი","p'eriodi","noun","period","5.068","46.51","293.97","4.668","5.468","0.1471","0.0663","0","0","პერიოდში,პერიოდი,პერიოდის,პერიოდია,პერიოდს,პერიოდიდან,პერიოდები,პერიოდისთვის"
"846","აშენება","asheneba","verb","to build, to construct","5.068","72.55","188.37","4.861","5.275","0.1471","0.0273","0","0","აშენება,აშენდა,შენდება,აშენებს,აშენდეს,აშენებენ,ააშენეს,აშენდება"
"847","პარკი","p'ark'i","noun","park, bag","5.068","154.40","88.46","5.189","4.947","0.1176","0.0174","0","0","პარკი,პარკში,პარკის,პარკს,პარკები,პარკებში,პარკებს,პარკთან"
"848","გადაწყვეტილება","gadats'q'vet'ileba","noun","decision, resolution","5.067","128.36","106.24","5.108","5.026","0.3088","0.0246","0","0","გადაწყვეტილება,გადაწყვეტილების,გადაწყვეტილებას,გადაწყვეტილებების,გადაწყვეტილებით,გადაწყვეტილებაა,გადაწყვეტილებებს,გადაწყვეტილებები"
"849","გაზიარება","gaziareba","verb","sharing, distribution","5.066","98.59","137.77","4.994","5.139","0.2941","0.0398","0","0","გავუზიაროთ,ვიზიარებ,გაზიარება,გამიზიარეთ,გამიზიაროთ,გაგვიზიარეთ,გაგიზიარებთ,გაგიზიაროთ"
"850","ცივი","tsivi","adj","cold","5.066","150.68","90.11","5.178","4.955","0.3529","0.0176","0","0","ცივი,ცივ,ცივია,ცივზე,ცივმა"
"851","გრამი","grami","noun","gram","5.066","24.18","560.89","4.384","5.749","0.0441","0.0303","0","0","გ,გრ,გრამი,გრამზე,გრამს,გრამ,გრამია,გრამში"
"852","უბედურება","ubedureba","noun","misfortune, disaster, calamity","5.066","180.44","75.07","5.256","4.875","0.3971","0.0233","0","0","უბედურება,უბედურებაა,უბედურების,უბედურებას,უბედურებაში,უბედურებები,უბედურებააა,უბედურებაზე"
"853","გვერდით","gverdit","adv","next to, beside","5.065","139.52","96.71","5.145","4.985","0.3529","0.0284","0","0","გვერდით,გვერდითაა,გვერდითაც"
"854","მასე","mase","adv","like that, in that way","5.064","42.79","314.13","4.631","5.497","0.0882","0.0814","0","0","მასე,მასეა,მასეც"
"855","ზაფხული","zapkhuli","noun","summer","5.064","109.75","122.37","5.040","5.088","0.2353","0.0290","0","0","ზაფხულში,ზაფხული,ზაფხულის,ზაფხულს,ზაფხულია,ზაფხულამდე,ზაფხულისთვის,ზაფხულშიც"
"856","მოდელი","modeli","noun","model","5.064","61.39","218.44","4.788","5.339","0.1324","0.0364","0","0","მოდელი,მოდელები,მოდელის,მოდელს,მოდელია,მოდელებს,მოდელზე,მოდელების"
"857","ცეკვა","tsek'va","verb","dance","5.064","247.41","54.17","5.393","4.734","0.3382","0.0064","0","0","ცეკვა,ცეკვავენ,ცეკვის,ცეკვავს,ცეკვავდა,იცეკვე,იცეკვა,ვცეკვავ"
"858","ცხვირი","tskhviri","noun","nose","5.063","120.91","110.64","5.082","5.044","0.2941","0.0187","0","0","ცხვირი,ცხვირის,ცხვირში,ცხვირიდან,ცხვირს,ცხვირით,ცხვირზე,ცხვირები"
"859","პროდუქტი","p'roduk't'i","noun","product","5.063","53.95","247.77","4.732","5.394","0.1176","0.0354","0","0","პროდუქტი,პროდუქტები,პროდუქტების,პროდუქტის,პროდუქტია,პროდუქტს,პროდუქტებს,პროდუქტზე"
"860","შედარებით","shedarebit'","adv","relatively, comparatively","5.063","50.23","265.55","4.701","5.424","0.1324","0.0660","0","0","შედარებით,შედარებიტ"
"861","ყელი","qeli","noun","neck, throat","5.062","143.24","93.04","5.156","4.969","0.3235","0.0205","0","0","ყელში,ყელის,ყელი,ყელზე,ყელს,ყელშია,ყელამდე,ყელთან"
"862","პოლიცია","p'olitsia","noun","police","5.062","202.76","65.54","5.307","4.817","0.2647","0.0137","0","0","პოლიცია,პოლიციის,პოლიციაში,პოლიციას,პოლიციამ,პოლიციასთან,პოლიციიდან"
"863","მძინავს","mdzinavs","verb","to sleep","5.061","221.37","59.86","5.345","4.777","0.3824","0.0158","0","0","მძინავს,მეძინა,სძინავს,ძინავს,გძინავს,ეძინა,სძინავთ,გეძინა"
"864","დაკვრა","dak'vra","verb","to play (an instrument), to strike, to hit","5.060","139.52","94.51","5.145","4.975","0.1912","0.0160","0","0","უკრავს,დაკვრა,უკრავდა,უკრავენ,დაუკრა,უკრავდნენ,დაკვრის,დაკვრას"
"865","ცა","tsa","noun","sky, heaven","5.060","225.09","58.57","5.352","4.768","0.3676","0.0141","0","0","ცა,ცის,ცაში,ცაზე,ცას,ციდან,ცათა,ცისკენ"
"866","ცვლილება","tsvlileba","noun","change, alteration","5.057","87.43","148.95","4.942","5.173","0.2206","0.0309","0","0","ცვლილება,ცვლილებები,ცვლილების,ცვლილებების,ცვლილებებს,ცვლილებას,ცვლილებებია,ცვლილებით"
"867","ბავშვობა","bavshvoba","noun","childhood","5.057","72.55","179.02","4.861","5.253","0.1912","0.0451","0","0","ბავშვობაში,ბავშვობიდან,ბავშვობის,ბავშვობა,ბავშობაში,ბავშობიდან,ბავშვობიდანვე,ბავშვობაშიც"
"868","ჩაი","chai","noun","tea","5.056","139.52","92.86","5.145","4.968","0.2206","0.0142","0","0","ჩაის,ჩაი,ჩაიში,ჩაიზე,ჩაისთან,ჩაია,ჩაიც"
"869","მათგანი","matgani","pron","one of them, some of them","5.056","206.48","62.61","5.315","4.797","0.4559","0.0161","0","0","მათგანი,მათგანს,მათგანის,მათგანზე,მათგანმა,მათგანია,მათგანში,მადგანი"
"870","ცოდნა","tsodna","noun","to know","5.055","57.67","223.57","4.761","5.349","0.1912","0.0456","0","0","ცოდნა,ცოდნის,ცოდნას,ცოდნით,ცოდნაა,ცოდნაზე,ცოდნაც,ცონდა"
"871","იქით","ik'it'","adv","over there, beyond, that way","5.054","109.75","117.06","5.040","5.068","0.2647","0.0346","0","0","იქით,იქეთ,იქითაც,იქითაა"
"872","გიჟი","giji","noun","crazy, mad, insane","5.054","210.21","60.96","5.323","4.785","0.4412","0.0154","0","0","გიჟი,გიჟები,გიჟივით,გიჟს,გიჯი,გიჟის,გიჟების,გიჟად"
"873","მეცნიერი","metsnieri","noun","scientist, scholar","5.053","102.31","124.94","5.010","5.097","0.1471","0.0170","0","0","მეცნიერები,მეცნიერი,მეცნიერებმა,მეცნიერებს,მეცნიერის,მეცნიერთა,მეცნიერს,მეცნიერებისა"
"874","მოტყუება","mot'q'ueba","verb","deception, trickery, cheating","5.053","161.84","78.74","5.209","4.896","0.3971","0.0218","0","0","იტყუება,მოტყუება,ატყუებენ,მოტყუებით,ატყუებს,გვატყუებენ,ატყუებ,ვატყუებ"
"875","გარდაცვალება","gardatsvaleba","verb","to die, to pass away","5.053","161.84","78.74","5.209","4.896","0.3824","0.0171","0","0","გარდაიცვალა,გარდაცვალების,გარდაცვლილა,გარდამეცვალა,გარდაეცვალა,გარდაიცვლება,გარდაიცვალნენ,გარდაიცვალაო"
"876","მარჯვენა","marjvena","adj","right (direction), right-hand","5.052","132.08","96.34","5.121","4.984","0.3824","0.0206","0","0","მარჯვენა,მარჯვენას,მარჯვენათი"
"877","განცდა","gantsda","verb","to experience, to feel, to perceive","5.052","98.59","128.60","4.994","5.109","0.2206","0.0216","0","0","განიცდის,განიცადა,განვიცდი,განიცდიან,განიცდიდა,განიცდი,განვიცადე,განიცადოს"
"878","შეჭმა","shechma","verb","to eat up, to consume","5.051","165.56","76.54","5.219","4.884","0.3235","0.0191","0","0","შეჭამს,შეჭამ,შეჭამა,შევჭამ,შევჭამდი,შევჭამე,შეჭამე,შეჭამენ"
"879","ყვირილი","q'virili","verb","shouting, screaming, yelling","5.051","407.39","31.07","5.610","4.492","0.3529","0.0067","0","0","ყვირილი,ყვირის,ყვიროდა,ყვირიან,ყვიროდნენ,იყვირა,იყვიროს,იყვირე"
"880","მოპარვა","mop'arva","verb","to steal","5.051","258.57","48.86","5.413","4.689","0.3971","0.0110","0","0","მოიპარეს,მოიპარა,მოპარვა,იპარავენ,იპარავს,მოპარვის,მოვიპარე,მოპარეს"
"881","წაგება","ts'ageba","verb","to lose","5.050","53.95","233.84","4.732","5.369","0.1471","0.0364","0","0","წააგო,წავაგე,წაგება,ვაგებ,წააგებ,წააგებს,წაგების,წააგეს"
"882","კომპიუტერი","k'omp'iut'eri","noun","computer","5.050","46.51","270.87","4.668","5.433","0.0735","0.0508","0","0","კომპიუტერი,კომპიუტერის,კომპიუტერზე,კომპიუტერს,კომპიუტერში,კომპიუტერთან,კომპიუტერები,კომპიუტერების"
"883","გამოშვება","gamoshveba","verb","to release, to issue, to publish","5.049","94.87","132.27","4.977","5.121","0.1618","0.0286","0","0","გამოუშვა,გამოუშვეს,გამოუშვით,გამოუშვი,გამოშვებას,გამოუშვებენ,გამოუშვან,გამოუშვას"
"884","დაგდება","dagdeba","verb","to throw down, to drop, to lay down","5.049","102.31","122.56","5.010","5.088","0.2647","0.0349","0","0","აგდებს,დავაგდებ,გდია,ვაგდებ,დააგდე,აგდებენ,დააგდეთ,დააგდო"
"885","ხიდი","khidi","noun","bridge","5.048","98.59","126.59","4.994","5.102","0.1765","0.0133","0","0","ხიდი,ხიდზე,ხიდის,ხიდს,ხიდიდან,ხიდების,ხიდები,ხიდთან"
"886","აშკარად","ashk'arad","adv","clearly, obviously, apparently","5.047","68.83","180.67","4.838","5.257","0.1471","0.0481","0","0","აშკარად"
"887","სირბილი","sirbili","verb","to run, running","5.046","57.67","214.77","4.761","5.332","0.1618","0.0286","0","0","სირბილი,სირბილის,დავრბივარ,დარბის,დარბიან,ვირბინო,ირბინო,ირბინე"
"888","აქეთ","aket","adv","hither, this way, here","5.045","124.63","98.91","5.096","4.995","0.2206","0.0295","0","0","აქეთ,აქით,აქეთაც"
"889","სავსე","savse","adj","full, complete","5.044","139.52","87.91","5.145","4.944","0.3676","0.0240","0","0","სავსე,სავსეა"
"890","წუხილი","ts'ukhili","verb","worry, concern, sorrow","5.044","745.95","16.41","5.873","4.215","0.7353","0.0041","0","0","ვწუხვარ,წუხს,წუხდნენ,წუხილი,წუხილის"
"891","მხარი","mkhari","noun","side, shoulder, support","5.042","139.52","86.99","5.145","4.939","0.3824","0.0203","0","0","მხარი,მხარს,მხარზე,მხრის,მხრები,მხარში,მხრებზე,მხრით"
"892","კონტროლი","k'ont'roli","noun","control","5.042","109.75","110.46","5.040","5.043","0.1765","0.0223","0","0","კონტროლი,კონტროლის,კონტროლს,კონტროლ,კონტროლზე,კონტროლში,კონტროლიც,კონტროლისა"
"893","თავისუფლება","tavisupleba","noun","freedom, liberty","5.042","117.19","103.31","5.069","5.014","0.2353","0.0188","0","0","თავისუფლება,თავისუფლების,თავისუფლებას,თავისუფლებაზე,თავისუფლებაა,თავისუფლებისთვის,თავისუფლებაც,თავისუფლებაში"
"894","გაფუჭება","gapuch'eba","verb","to spoil, to ruin, to break","5.042","117.19","103.31","5.069","5.014","0.3088","0.0274","0","0","ფუჭდება,გაფუჭდა,აფუჭებს,გამიფუჭდა,გააფუჭეს,გააფუჭა,გაფუჭდება,გაუფუჭდა"
"895","ფრთხილად","prtkhilad","adv","carefully, cautiously","5.041","407.39","29.61","5.610","4.471","0.5147","0.0088","0","0","ფრთხილად"
"896","სამწუხარო","samts'ukharo","adj","regrettable, unfortunate, sad","5.040","199.04","60.41","5.299","4.781","0.4559","0.0190","0","0","სამწუხაროა,სამწუხარო"
"897","სროლა","srola","verb","shooting, throwing","5.038","165.56","71.96","5.219","4.857","0.2206","0.0106","0","0","ისვრის,სროლას,ესროლა,ისვრიან,ვისვრი,ისროლა,ესვრის,ესროლეს"
"898","ხელმძღვანელი","khelmdzghvaneli","noun","leader, head, manager","5.037","139.52","85.16","5.145","4.930","0.2941","0.0082","0","0","ხელმძღვანელი,ხელმძღვანელის,ხელმძღვანელს,ხელმძღვანელმა,ხელმძღვანელები,ხელმძღვანელად,ხელმძღვანელია"
"899","დამოკიდებული","damok'idebuli","adj","dependent, addicted","5.037","68.83","172.42","4.838","5.237","0.1912","0.0425","0","0","დამოკიდებული,დამოკიდებულია,დამოკიდებულები,დამოკიდებულნი,დამოკიდებულს,დამოკიდებულ,დამიკიდებული"
"900","შენობა","shenoba","noun","building","5.037","102.31","115.77","5.010","5.064","0.2059","0.0205","0","0","შენობა,შენობის,შენობაში,შენობები,შენობას,შენობებისთვის,შენობაა,შენობაშია"
"901","ამოსვლა","amosvla","verb","to rise, to come up, to ascend","5.037","94.87","124.76","4.977","5.096","0.2500","0.0303","0","0","ამოდის,ამოვიდა,ამოვა,ამოსვლა,ამოვიდეს,ამომივიდა,ამოდი,ამოუვიდა"
"902","გატეხვა","gat'ekhva","verb","to break, to crack, to violate","5.037","65.11","181.77","4.814","5.260","0.1324","0.0457","0","0","ტეხავს,გამიტყდა,გატეხა,ტყდება,გამიტყდება,გატეხეს,გატყდა,გატყდება"
"903","გამოცხადება","gamotskhadeba","verb","to announce, to declare, to appear","5.036","124.63","94.87","5.096","4.977","0.3676","0.0232","0","0","აცხადებს,გამოაცხადა,გამოცხადდა,გამოაცხადეს,ვაცხადებ,გამოცხადება,გამოცხადდება,ცხადდება"
"904","რუსი","rusi","noun","Russian (person)","5.036","57.67","204.69","4.761","5.311","0.0882","0.0346","0","0","რუსი,რუსები,რუსების,რუსებს,რუსებმა,რუსის,რუსმა,რუსს"
"905","ზრუნვა","zrunva","verb","care, concern, to care","5.036","184.16","64.07","5.265","4.807","0.3676","0.0173","0","0","ზრუნავს,ზრუნვა,იზრუნოს,ზრუნავენ,იზრუნო,ზრუნვის,ზრუნვას,იზრუნებს"
"906","დამტკიცება","damt'k'itseba","verb","to approve, to confirm, to prove","5.036","135.80","86.81","5.133","4.939","0.3088","0.0180","0","0","დამტკიცება,დაამტკიცა,დასამტკიცებლად,დამტკიცდა,დაამტკიცეს,დაამტკიცოს,დამტკიცებას,დაამტკიცებს"
"907","დაავადება","daavadeba","noun","disease, illness","5.035","35.34","331.92","4.548","5.521","0.0882","0.0323","0","0","დაავადება,დაავადების,დაავადებების,დაავადებას,დაავადებები,დაავადებაა,დაავადებაზე,დაავადებებს"
"908","სავარაუდოდ","savaraudod","adv","probably, likely, presumably","5.034","53.95","216.97","4.732","5.336","0.1471","0.0600","0","0","სავარაუდოდ,სავარაუდოთ,სავარუდოდ,სავრაუდოდ"
"909","შემჩნევა","shemchneva","verb","to notice, to observe, to spot","5.034","98.59","118.71","4.994","5.074","0.2794","0.0344","0","0","შევამჩნიე,შემიმჩნევია,შევნიშნე,ვამჩნევ,შეამჩნია,ამჩნევ,შეამჩნევთ,ამჩნევს"
"910","ამიტომაც","amit'omats","adv","that's why, for this very reason","5.034","109.75","106.61","5.040","5.028","0.2647","0.0297","0","0","ამიტომაც,ამიტომაცაა,მიტომაც"
"911","სასმელი","sasmeli","noun","drink, beverage","5.034","184.16","63.52","5.265","4.803","0.3971","0.0123","0","0","სასმელი,სასმელს,სასმელის,სასმელები,სასმელებს,სასმელების,სასმელზე,სასმელია"
"912","ჰაერი","haeri","noun","air","5.033","79.99","145.47","4.903","5.163","0.1765","0.0324","0","0","ჰაერი,ჰაერში,ჰაერის,ჰაერზე,ჰაერს,ჰაერიდან,ჰაერით,ჰაერია"
"913","კლუბი","k'lubi","noun","club","5.033","61.39","189.29","4.788","5.277","0.1029","0.0335","0","0","კლუბი,კლუბში,კლუბის,კლუბს,კლუბები,კლუბებში,კლუბია,კლუბების"
"914","აბსოლუტურად","absolut'urad","adv","absolutely","5.032","117.19","99.09","5.069","4.996","0.2941","0.0275","0","0","აბსოლუტურად,აბსოლიტურად,აფსოლიტურად,აფსოლუტურად,აბსულუტურად"
"915","სინათლე","sinatle","noun","light","5.032","143.24","80.76","5.156","4.907","0.3088","0.0099","0","0","სინათლის,სინათლე,სინათლეს,სინათლეზე,სინათლეში,სინათლით"
"916","განადგურება","ganadgureba","verb","to destroy, to annihilate","5.032","180.44","64.07","5.256","4.807","0.3971","0.0135","0","0","განადგურება,ანადგურებს,გაანადგურა,გაანადგურეს,განადგურების,განადგურდა,გაანადგურებს,ანადგურებენ"
"917","კვლევა","k'vleva","noun","research, study, investigation","5.030","57.67","199.19","4.761","5.299","0.1029","0.0290","0","0","კვლევა,კვლევის,კვლევები,კვლევების,კვლევას,კვლევებს,კვლევით,კვლევაში"
"918","დაკავებული","dak'avebuli","adj","busy, occupied, arrested","5.028","180.44","63.16","5.256","4.800","0.3676","0.0173","0","0","დაკავებული,დაკავებულია,დაკავებულები,დაკავებულ,დაკავებულნი,დაკავებულს"
"919","გვარი","gvari","noun","surname, family name, genus","5.028","72.55","156.84","4.861","5.195","0.1618","0.0297","0","0","გვარი,გვარის,გვარები,გვარს,გვარად,გვარია,გვარით,გვარების"
"920","ხარისხი","khariskhi","noun","quality, degree","5.028","35.34","321.65","4.548","5.507","0.1176","0.0614","0","0","ხარისხის,ხარისხი,ხარისხით,ხარისხს,ხარისხში,ხარისხზე,ხარისხიც,ხარისხია"
"921","ებრაელი","ebraeli","noun","Jew, Hebrew","5.027","221.37","51.24","5.345","4.710","0.0441","0.0070","0","0","ებრაელი,ებრაელები,ებრაელებს,ებრაელების,ებრაელს,ებრაელის,ებრაელია,ებრაელმა"
"922","ქმარი","kmari","noun","husband","5.026","225.09","50.14","5.352","4.700","0.3971","0.0119","0","0","ქმარი,ქმარს,ქმრის,ქმარმა,ქმრები,ქმართან,ქმარზე,ქმარიც"
"923","გადახედვა","gadakhedva","verb","review, revision, overview","5.024","68.83","162.34","4.838","5.210","0.2059","0.0484","0","0","გადახედე,გადავხედე,გადახედეთ,გადავხედავ,გადახედო,გადახედოთ,გადავხედავთ,გადახედავ"
"924","ყოველდღე","qoveldghe","adv","every day, daily","5.024","102.31","108.99","5.010","5.037","0.2941","0.0309","0","0","ყოველდღე,ყოველდღ,ყოველდგე,ყოველდრე"
"925","წარსული","tsarsuli","noun","past","5.024","143.24","77.82","5.156","4.891","0.2647","0.0178","0","0","წარსულში,წარსული,წარსულის,წარსულს,წარსულიდან,წარსულზე,წარსულია,წარსულით"
"926","ჩხუბი","chkhubi","noun","fight, quarrel, brawl","5.022","94.87","116.69","4.977","5.067","0.2500","0.0129","0","0","ჩხუბი,ჩხუბის,ჩხუბს,ჩხუბში,ჩხუბები,ჩხუბიც,ჩხუბზე,ჩხუბებში"
"927","ზამთარი","zamtari","noun","winter","5.022","106.03","104.22","5.025","5.018","0.2206","0.0223","0","0","ზამთარში,ზამთრის,ზამთარი,ზამთარს,ზამთარია,ზამთრისთვის,ზამთარშიც,ზამთარ"
"928","სექსი","seksi","noun","sex","5.021","102.31","107.52","5.010","5.031","0.1176","0.0180","0","0","სექსი,სექსის,სექს,სექსით,სექსზე,სექსს,სექსია,სექსში"
"929","აწევა","ats'eva","verb","to lift, to raise, to elevate","5.020","79.99","137.22","4.903","5.137","0.2059","0.0322","0","0","აწევა,იწევს,აიწევს,აიწია,აწიო,აწევს,ავწიო,ავწიე"
"930","მოგვარება","mogvareba","verb","to resolve, to settle, to arrange","5.019","106.03","103.12","5.025","5.013","0.3088","0.0271","0","0","მოგვარება,მოგვარდება,მოვაგვარო,მოგვარდა,მოაგვარებს,მოგვარდეს,მოგვარების,მოაგვარე"
"931","საშინელება","sashineleba","noun","horror, terror, atrocity","5.019","120.91","90.29","5.082","4.956","0.2206","0.0245","0","0","საშინელებაა,საშინელება,საშინელებათა,საშინელებააა,საშინელებები,საშინელებას,საშინელების,საშინელებებს"
"932","კბილი","k'bili","noun","tooth","5.019","135.80","80.39","5.133","4.905","0.2647","0.0141","0","0","კბილის,კბილი,კბილები,კბილებს,კბილების,კბილებით,კბილებში,კბილს"
"933","დასაწყისი","dasats'q'isi","noun","beginning, start","5.019","76.27","143.09","4.882","5.156","0.2647","0.0382","0","0","დასაწყისში,დასაწყისი,დასაწყისისთვის,დასაწყისია,დასაწყისიდან,დასაწყისშივე,დასაწყისს,დასაწყისამდე"
"934","პიროვნება","p'irovneba","noun","person, personality, individual","5.017","102.31","105.87","5.010","5.025","0.3088","0.0252","0","0","პიროვნება,პიროვნების,პიროვნებას,პიროვნებაა,პიროვნებაზე,პიროვნებები,პიროვნებამ,პიროვნებასთან"
"935","მაწუხებს","matsukhebs","verb","to bother, to worry, to disturb","5.017","79.99","135.20","4.903","5.131","0.2059","0.0305","0","0","მაწუხებს,აწუხებს,გაწუხებს"
"936","წინაშე","ts'inashe","other","in front of, before, in the face of","5.017","206.48","52.34","5.315","4.719","0.3824","0.0137","0","0","წინაშე,წინაში,წინაშეა,წინაშეც"
"937","ზარი","zari","noun","bell, call (phone), toll","5.017","232.53","46.47","5.366","4.667","0.4118","0.0107","0","0","ზარი,ზარის,ზარები,ზარს,ზარების,ზარებს,ზარით,ზარზე"
"938","სამხედრო","samkhedro","adj","military","5.017","165.56","65.17","5.219","4.814","0.2353","0.0106","0","0","სამხედრო,სამხედროები,სამხედროების,სამხედროებმა,სამხედროებს,სამხედროებიც"
"939","საბჭოთა","sabch'ota","adj","Soviet","5.016","120.91","89.19","5.082","4.950","0.1324","0.0176","0","0","საბჭოთა,საბჭოტა"
"940","მატჩი","mat'chi","noun","match","5.016","76.27","140.89","4.882","5.149","0.1618","0.0183","0","0","მატჩი,მატჩის,მატჩში,მატჩების,მატჩები,მატჩს,მატჩზე,მატჩებს"
"941","ჯერჯერობით","jerjerobit","adv","for now, so far, yet","5.015","61.39","174.80","4.788","5.243","0.2059","0.0488","0","0","ჯერჯერობით,ჯერ-ჯერობით,ჯერობით,ჯერჯერობიტ"
"942","როლი","roli","noun","role","5.014","83.71","127.69","4.923","5.106","0.2059","0.0278","0","0","როლს,როლი,როლში,როლის,როლებიც,როლები,როლზე,როლიც"
"943","გაგიჟება","gagizheba","verb","to go crazy, to drive crazy","5.014","128.36","83.14","5.108","4.920","0.2794","0.0251","0","0","ვგიჟდები,გავგიჟდი,გაგიჟდა,გიჟდება,მაგიჟებს,გავგიჟდები,გაგიჟდი,გიჟდებიან"
"944","უკანასკნელი","uk'anask'neli","adj","last, final, ultimate","5.014","135.80","78.37","5.133","4.894","0.3088","0.0214","0","0","უკანასკნელი,უკანასკნელ,უკანასკნელის,უკანასკნელს,უკანასკნელმა,უკანასკნელნი,უკანასკნელთა,უკანასკნელში"
"945","ხარჯი","kharji","noun","expense, cost","5.013","72.55","146.57","4.861","5.166","0.1029","0.0358","0","0","ხარჯზე,ხარჯი,ხარჯები,ხარჯების,ხარჯებს,ხარჯია,ხარჯს,ხარჯებთან"
"946","განათლება","ganat'leba","noun","education, enlightenment","5.013","53.95","196.80","4.732","5.294","0.1471","0.0331","0","0","განათლების,განათლება,განათლებას,განათლებაში,განათლებით,განათლებაზე,განათლებისა,განათლებაა"
"947","უსაფრთხოება","usaprtkhoeba","noun","security, safety","5.012","161.84","65.36","5.209","4.815","0.2353","0.0149","0","0","უსაფრთხოების,უსაფრთხოება,უსაფრთხოებას,უსაფრთხოებისთვის,უსაფრთხოებაზე,უსაფრთხოებისა,უსაბრთხოების,უსაფრთხოებაში"
"948","ახლო","akhlo","adj","close, near","5.011","87.43","120.17","4.942","5.080","0.2500","0.0333","0","0","ახლო,უახლოეს,უახლოესი,ახლოა,უახლოს,უახლოვეს,ახლოში"
"949","გამოსავალი","gamosavali","noun","solution, way out, exit","5.011","117.19","89.56","5.069","4.952","0.3235","0.0231","0","0","გამოსავალი,გამოსავალია,გამოსავალს,გამოსავლის,გამოსავალიც,გამოსავალზე,გამოსავლად"
"950","რიცხვი","ritskhvi","noun","number, date","5.010","83.71","125.12","4.923","5.097","0.1912","0.0217","0","0","რიცხვი,რიცხვს,რიცხვები,რიცხვის,რიცხვში,რიცხვებში,რიცხვია,რიცხვებს"
"951","მიყოლა","miqola","verb","to follow, to go along with","5.010","150.68","69.39","5.178","4.841","0.3676","0.0203","0","0","მიყვება,მივყვები,მიყევი,მივყვეთ,მიყვები,მიყვებიან,მიყვე,მიჰყვება"
"952","ნაცვლად","natsvlad","adv","instead of, in place of","5.009","98.59","105.51","4.994","5.023","0.3088","0.0277","0","0","ნაცვლად,ნაცვლათ"
"953","აღდგენა","aghdgena","verb","restoration, recovery, reconstruction","5.008","83.71","124.02","4.923","5.093","0.2353","0.0228","0","0","აღდგენა,აღდგენას,აღდგენის,აღდგება,აღდგეს,აღადგენს,აღვადგინო,აღადგინა"
"954","მიღებული","mighebuli","adj","received, accepted, adopted","5.008","72.55","142.72","4.861","5.154","0.1912","0.0311","0","0","მიღებული,მიღებულ,მიღებულია,მიღებულზე,მიღებულმა"
"955","მეთოდი","metodi","noun","method","5.007","46.51","222.10","4.668","5.347","0.1324","0.0410","0","0","მეთოდი,მეთოდით,მეთოდები,მეთოდს,მეთოდია,მეთოდებით,მეთოდის,მეთოდებს"
"956","საავადმყოფო","saavadmq'opo","noun","hospital","5.007","154.40","66.82","5.189","4.825","0.1618","0.0135","0","0","საავადმყოფოში,საავადმყოფო,საავადმყოფოს,საავადმყოფოების,საავადმყოფოებში,საავადმყოფოები,საავადმყოფოსთან,სავადმყოფოში"
"957","დაღლა","daghla","verb","to get tired, to become weary","5.006","132.08","78.01","5.121","4.892","0.3088","0.0206","0","0","დავიღალე,დაიღალა,ვიღლები,დამღალა,იღლება,ღლის,დაიღლები,დაიღალე"
"958","ტაქსი","t'ak'si","noun","taxi","5.006","173.00","59.31","5.238","4.773","0.1029","0.0085","0","0","ტაქსი,ტაქსის,ტაქსით,ტაქსები,ტაქსების,ტაქსიში,ტაქსში,ტაქსს"
"959","დამართება","damarteba","verb","to happen, to befall, to occur","5.005","109.75","93.41","5.040","4.970","0.2059","0.0245","0","0","დაემართა,დამემართა,დაემართება,დაემართოს,დაგემართება,დაგემართოს,დაგემართა,დამემართოს"
"960","ენერგია","energia","noun","energy","5.005","39.06","262.25","4.592","5.419","0.1324","0.0313","0","0","ენერგიის,ენერგია,ენერგიას,ენერგიით,ენერგიაზე,ენერგიად,ენერგიაა,ენერგიაც"
"961","სადგური","sadguri","noun","station, depot","5.004","98.59","103.49","4.994","5.015","0.2206","0.0076","0","0","სადგურის,სადგური,სადგურ,სადგურზე,სადგურები,სადგურების,სადგურიდან,სადგურებს"
"962","ჩაბარება","chabareba","verb","to hand over, to submit, to surrender","5.004","61.39","166.19","4.788","5.221","0.1618","0.0315","0","0","ჩაბარება,ჩავაბარე,ჩააბარო,ჩავაბარო,ჩაბარების,ჩაბარებას,ჩააბარე,ჩაბარდა"
"963","პოლიტიკა","p'olit'ik'a","noun","politics, policy","5.003","76.27","132.82","4.882","5.123","0.1765","0.0297","0","0","პოლიტიკა,პოლიტიკაში,პოლიტიკის,პოლიტიკას,პოლიტიკაზე,პოლიტიკაა,პოლიტიკასთან,პოლიტიკიდან"
"966","ტესტი","t'est'i","noun","test","5.001","68.83","146.20","4.838","5.165","0.0588","0.0226","0","0","ტესტი,ტესტები,ტესტ,ტესტის,ტესტების,ტესტს,ტესტებს,ტესტში"
"968","ბუნება","buneba","noun","nature, character","5.000","76.27","131.17","4.882","5.118","0.1765","0.0275","0","0","ბუნებაში,ბუნების,ბუნება,ბუნებას,ბუნებით,ბუნებასთან,ბუნებამ,ბუნებაა"
"969","უმაღლესი","umaghlesi","adj","highest, supreme, superior","5.000","87.43","114.12","4.942","5.057","0.2206","0.0237","0","0","უმაღლესი,უმაღლეს,უმაღლესში,უმაღლესის"
"970","ტელევიზორი","t'elevizori","noun","television, TV set","4.999","98.59","101.11","4.994","5.005","0.1765","0.0225","0","0","ტელევიზორში,ტელევიზორი,ტელევიზორს,ტელევიზორის,ტელევიზორზე,ტელევიზორთან,ტელევიზორები,ტელევიზორებს"
"971","მატარებელი","mat'arebeli","noun","train","4.999","143.24","69.57","5.156","4.842","0.2059","0.0115","0","0","მატარებელი,მატარებლის,მატარებლით,მატარებლები,მატარებელს,მატარებელია,მატარებელში,მატარებლების"
"972","მეუღლე","meughle","noun","spouse, husband, wife","4.999","191.60","51.97","5.282","4.716","0.2794","0.0102","0","0","მეუღლე,მეუღლეს,მეუღლის,მეუღლემ,მეუღლეთა,მეუღლესთან,მეუღლეა,მეუღლისთვის"
"973","ქარი","kari","noun","wind","4.999","154.40","64.44","5.189","4.809","0.3529","0.0113","0","0","ქარი,ქარის,ქარია,ქარს,ქარში,ქარმა,ქარები,ქარზე"
"974","კლიენტი","k'lient'i","noun","client, customer","4.998","109.75","90.47","5.040","4.957","0.1618","0.0183","0","0","კლიენტი,კლიენტს,კლიენტებს,კლიენტის,კლიენტები,კლიენტების,კლიენტებთან,კლიენტია"
"975","ეკლესია","ek'lesia","noun","church","4.998","128.36","77.09","5.108","4.887","0.1765","0.0124","0","0","ეკლესია,ეკლესიის,ეკლესიაში,ეკლესიას,ეკლესიების,ეკლესიები,ეკლესიიდან,ეკლესიასთან"
"976","საჩუქარი","sachuk'ari","noun","gift, present","4.997","187.88","52.52","5.274","4.720","0.5147","0.0122","0","0","საჩუქარი,საჩუქრად,საჩუქარს,საჩუქრები,საჩუქრის,საჩუქრების,საჩუქარია,საჩუქრებს"
"977","ალბომი","albomi","noun","album","4.997","27.90","352.82","4.446","5.548","0.0294","0.0173","0","0","ალბომი,ალბომის,ალბომს,ალბომია,ალბომში,ალბომები,ალბომიდან,ალბომზე"
"978","მსმენია","msmenia","verb","to have heard","4.996","146.96","66.82","5.167","4.825","0.3529","0.0201","0","0","მსმენია,გსმენიათ,გსმენია"
"979","მოშორება","moshoreba","verb","to remove, to get rid of, to distance","4.996","146.96","66.82","5.167","4.825","0.2500","0.0175","0","0","მოშორება,მოვიშორე,მოვიშორო,მოაშორეთ,მოიშორებ,მოიშორო,მოშორებას,მოიშორა"
"980","სალამი","salami","interj","hello, greetings","4.996","91.15","107.52","4.960","5.031","0.1618","0.0339","0","0","სალამი,სალამით"
"981","წმინდა","ts'minda","adj","holy, pure, clean, saint","4.995","165.56","59.12","5.219","4.772","0.2941","0.0143","0","0","წმინდა,წმინდაა,წმინდას"
"982","გასული","gasuli","adj","past, last, elapsed","4.995","120.91","80.94","5.082","4.908","0.2206","0.0240","0","0","გასული,გასულ,გასულია,გასულები,გასულს"
"983","მიკვირს","mikvirs","verb","to be surprised, to wonder","4.995","61.39","159.40","4.788","5.202","0.2059","0.0467","0","0","მიკვირს,გამიკვირდა,გამიკვირდება,გიკვირს,მიკვირდა,გიკვირთ,გაგიკვირდებათ,გამკვირვებია"
"984","ცხადია","tskhadia","adv","obviously, clearly, certainly","4.995","146.96","66.46","5.167","4.823","0.1912","0.0174","0","0","ცხადია"
"985","წარმოება","ts'armoeba","noun","production, manufacturing, output","4.994","87.43","111.19","4.942","5.046","0.1765","0.0150","0","0","წარმოება,წარმოების,წარმოებაში,წარმოებას,წარმოებაზე,წარმოებაც,აწარმოებს,აწარმოებენ"
"986","გმირი","gmiri","noun","hero","4.994","146.96","66.09","5.167","4.820","0.2353","0.0115","0","0","გმირი,გმირთა,გმირის,გმირები,გმირს,გმირების,გმირია,გმირებს"
"987","ამხანაგი","amkhanagi","noun","comrade, friend","4.993","690.14","14.02","5.839","4.147","0.2353","0.0043","0","0","ამხანაგო,ამხანაგი,ამხანაგებო,ამხანაგ,ამხანაგმა,ამხანაგები,ამხანაგის,ამხანაგებს"
"988","გაცილებით","gatsilebit","adv","much more, considerably","4.993","61.39","157.57","4.788","5.197","0.1912","0.0411","0","0","გაცილებით,გაცილებიტ"
"989","შემთხვევით","shemtkhvevit","adv","by chance","4.992","91.15","105.87","4.960","5.025","0.2794","0.0327","0","0","შემთხვევით,შემტხვევიტ,შემტხვევით"
"990","მოპოვება","mop'oveba","verb","to obtain, to acquire, to gain","4.992","76.27","126.22","4.882","5.101","0.2206","0.0297","0","0","მოიპოვა,მოპოვება,მოგეპოვებათ,მოიპოვება,მოსაპოვებლად,მოპოვების,მოიპოვეს,მოიპოვოს"
"991","კოდი","k'odi","noun","code","4.991","57.67","166.19","4.761","5.221","0.1176","0.0309","0","0","კოდი,კოდს,კოდის,კოდები,კოდით,კოდში,კოდებს,კოდია"
"992","მასწავლებელი","masts'avlebeli","noun","teacher, instructor","4.991","72.55","132.09","4.861","5.121","0.1765","0.0201","0","0","მასწავლებელი,მასწავლებელს,მასწავლებლის,მასწავლებელთან,მასწავლებლები,მასწავლებელმა,მასწავლებლების,მასწავლებლებს"
"993","ფეხბურთი","pekhburti","noun","football, soccer","4.991","35.34","270.87","4.548","5.433","0.0735","0.0375","0","0","ფეხბურთი,ფეხბურთის,ფეხბურთს,ფეხბურთში,ფეხბურთზე,ფეხბურთია,ფეხბურთით,ფეხბურთიც"
"994","მით","mit","pron","with that, by that","4.990","61.39","155.55","4.788","5.192","0.1912","0.0425","0","0","მით,მიტ"
"995","ახლავე","akhlave","adv","right now, immediately","4.990","310.66","30.71","5.492","4.487","0.4706","0.0102","0","0","ახლავე,ეხლავე"
"996","ველი","veli","noun","field, plain, valley","4.990","83.71","113.94","4.923","5.057","0.1765","0.0212","0","0","ველი,ველის,ველში,ველზე,ველს,ველები,ველია,ველების"
"997","შეფასება","shepaseba","verb","evaluation, assessment, rating","4.989","57.67","164.90","4.761","5.217","0.1471","0.0264","0","0","აფასებს,აფასებენ,ფასდება,შეაფასეთ,აფასებ,ვაფასებთ,შემიფასეთ,შეაფასო"
"998","წონა","ts'ona","noun","weight","4.989","35.34","268.85","4.548","5.430","0.1176","0.0346","0","0","წონა,წონის,წონაში,წონაზე,წონას,წონით,წონები,წონაც"
"999","დეტალი","det'ali","noun","detail, part","4.989","72.55","130.80","4.861","5.117","0.1912","0.0337","0","0","დეტალები,დეტალი,დეტალებს,დეტალებზე,დეტალებში,დეტალს,დეტალების,დეტალია"
"1000","მძღოლი","mdzogholi","noun","driver","4.988","120.91","78.37","5.082","4.894","0.2500","0.0125","0","0","მძღოლი,მძღოლები,მძღოლს,მძღოლების,მძღოლის,მძღოლმა,მძღოლებს,მძღოლად"
"1001","კარგით","k'argit","interj","okay, fine (formal/plural)","4.987","399.95","23.56","5.602","4.372","0.3382","0.0075","0","0","კარგით"
"1002","შეტევა","shet'eva","noun","attack, assault, offensive","4.987","79.99","117.79","4.903","5.071","0.1324","0.0145","0","0","შეტევა,შეტევის,შეტევები,შეტევას,შეტევების,შეტევაზე,შეტევაში,შეტევებს"
"1003","დაწოლა","dats'ola","verb","to lie down, to go to bed","4.987","132.08","71.22","5.121","4.853","0.2500","0.0197","0","0","აწვება,ვაწვები,დაწოლა,ვწვები,წვება,დაწექი,დავწვები,დააწვები"
"1004","პარტია","p'art'ia","noun","party","4.987","150.68","62.42","5.178","4.795","0.1765","0.0139","0","0","პარტია,პარტიის,პარტიას,პარტიების,პარტიაში,პარტიებს,პარტიები,პარტიამ"
"1005","ტური","t'uri","noun","tour, round","4.985","83.71","111.74","4.923","5.048","0.1176","0.0194","0","0","ტური,ტურში,ტურის,ტურზე,ტურია,ტურს,ტურ,ტურები"
"1006","ზურგი","zurgi","noun","back","4.985","106.03","88.09","5.025","4.945","0.2794","0.0192","0","0","ზურგზე,ზურგი,ზურგის,ზურგს,ზურგით,ზურგში,ზურგიდან"
